sql_id,sql_village_id,sql_village_name,sql_area_name,csv_yuyue_id,csv_community_name,csv_area_name,match_type
148905,1704428247587983362,山水家园,江北区,8d34b945598603708eacf2340a516b5f,山水家园,江北区,精确匹配
148908,1704679566496206849,东海岸,江北区,99ec0c53e572948d11ca8096b6120f58,东海岸,江北区,精确匹配
148912,1702570214314446849,中瓯.璧河名都,璧山区,0acb380db2d822808bc2e82dde736361,中瓯.璧河名都,璧山区,精确匹配
148858,1683671084833890305,仙女山标准化智慧康养社区,武隆区,d13bff29098da46a67ebee8251a2f02e,仙女山标准化智慧康养社区,武隆区,精确匹配
148860,1680855546638295042,龙景天都,武隆区,3556656f402e943645de829cc3fe6b17,龙景天都,武隆区,精确匹配
148862,1685918649507868673,木里小镇,武隆区,4526fcaae563c63be4d075579afb16e6,木里小镇,武隆区,精确匹配
148863,1686279577709539330,林云江山,潼南区,a124e1f07b3d7fbd89e09a7a0aa8833a,林云江山,潼南区,精确匹配
148864,1684391993026674689,千禧花园二期,潼南区,7e788a825ec26ed50421b33dadc78c2a,千禧花园二期,潼南区,精确匹配
148866,1686559406438707201,翰林仙山人间,武隆区,5a9201febfc3e7ec8899308ff1807eb0,翰林仙山人间,武隆区,精确匹配
148869,1688839519947591681,书香华庭,万州区,5545f6c37a15546dee1ddc587222aa8b,书香华庭,万州区,精确匹配
148870,1689825451475611649,卓然铂金公馆B区,潼南区,d38ba4d9167e49cd2310ffc64b41e181,卓然铂金公馆B区,潼南区,精确匹配
148871,1688395620749844482,金色年华,江北区,ec58c09ae91a1d5d3a04929cbb96a4e4,金色年华,江北区,精确匹配
148872,1691730376887513090,仙女山1号,武隆区,a4bd2dbbcdd7b5d20142d099b45f1eb6,仙女山1号,武隆区,精确匹配
148873,1691994117851983874,一品蓝湾,云阳县,d364a6721447977c75200453f1fb3c2d,一品蓝湾,云阳县,精确匹配
148875,1692455713380380673,东景康庭,云阳县,559a4753dd33dda462a13d1b9b6da2f2,东景康庭,云阳县,精确匹配
148876,1693447369877499905,芳草地.悠地亚,武隆区,1bb5f9df78ef2c4b010ec9b87e7c4042,芳草地.悠地亚,武隆区,精确匹配
148877,1693454139903586305,尚桂佳苑,云阳县,6cf98cb86361a1ef1293e124d1ce0fa8,尚桂佳苑,云阳县,精确匹配
148880,1694621730810535937,潼南金福岛万达广场文旅小镇项目(一期),潼南区,ddd43035c55874d19e92d2b85fbacc50,潼南金福岛万达广场文旅小镇项目(一期),潼南区,精确匹配
148882,1694894469882486786,綦江区横山镇回龙湾度假小区二期,綦江区,97a6909b0ffe44f5bae67be06746ede9,綦江区横山镇回龙湾度假小区二期,綦江区,精确匹配
148885,1696733713798176770,白马小区,巫溪县,912b32b30a34a2e7ad73605bc47045c9,白马小区,巫溪县,精确匹配
148886,1697055374539923457,花漾的山谷,武隆区,5eeedbc13ae02076ce83f8ec764d2715,花漾的山谷,武隆区,精确匹配
148887,1697067216616202241,凤凰名都,奉节县,539e81b1d0c408fdc9e41c1536728e66,凤凰名都,奉节县,精确匹配
148888,1697090892866691075,翰林府,城口县,db10f53151d63007e6d38d43e5c2d434,翰林府,城口县,精确匹配
148891,1698533075855515649,学府壹号,城口县,881c70bc234076ed2b588b9d2b3a9ec9,学府壹号,城口县,精确匹配
148894,1699341667831513090,依云美镇,武隆区,87a83cd066e93b2d2d219b7166f7dfc7,依云美镇,武隆区,精确匹配
148895,1699342055167098882,依云林里,武隆区,6575d36cb032fd5b5d1d6720153a34a7,依云林里,武隆区,精确匹配
148898,1701423087903281153,九里江岸,云阳县,44884e17617af3a8b2fa3c8cb51a50e9,九里江岸,云阳县,精确匹配
148899,1698946344487395330,瞿塘晓月,奉节县,259792edcfe24751e9fd857e81089a3e,瞿塘晓月,奉节县,精确匹配
148900,1698947454723858434,湖光美地,奉节县,acd6f780a8f2d0911295078eb5e51ec4,湖光美地,奉节县,精确匹配
148901,1698948408827355138,海成·印江府,奉节县,9313b36d885fad735ca431e81b1af2bd,海成·印江府,奉节县,精确匹配
148915,1705050895456112641,璧山中凯华府,璧山区,533349b054baf6d5814ef5524f1323a1,璧山中凯华府,璧山区,精确匹配
148917,1705113234863788034,黛山道8号,璧山区,e2b3b87007e3a317850fdf8c074f4e9f,黛山道8号,璧山区,精确匹配
148918,1705119964406452226,璧山黛山悦府,璧山区,cc8a99d8bfa39f3c09432f19d013cdd0,璧山黛山悦府,璧山区,精确匹配
148919,1705136836338225154,滨湖上院,奉节县,2493ffbe9e16716e844d39a0c88416d2,滨湖上院,奉节县,精确匹配
148921,1706129210472370177,阳光水岸,城口县,e102f4b6c32965d30b0e213d44835dcc,阳光水岸,城口县,精确匹配
148922,1706130748947271681,昕晖伊顿庄园,云阳县,0067161e63dac54ec86b39d4c79cc9c7,昕晖伊顿庄园,云阳县,精确匹配
148924,1707229740644929538,鉴湖林语,綦江区,4606cba297f17c40f0fcbc4f5567e733,鉴湖林语,綦江区,精确匹配
148925,1711274575546781698,钢城印象B区,大渡口区,5aa883350bb42d1e22412cdfc2b7584e,钢城印象B区,大渡口区,精确匹配
148926,1711583327839817730,铭鑫鼎尚源,大渡口区,2f0dfb8f5271568d1b66bae62aa65f01,铭鑫鼎尚源,大渡口区,精确匹配
148935,1724955654975541250,芳草地.雪岭仙山,武隆区,222dd2f06473c9f9d4838dcd0dd05354,芳草地.雪岭仙山,武隆区,精确匹配
148941,1734762973494206465,御景天水,九龙坡区,21b400dea6b3b75f74d1c916d29e2387,御景天水,九龙坡区,精确匹配
148946,1726767841083805697,仙山丽景,武隆区,4077bbef06df820cd3e430b1cfbbe815,仙山丽景,武隆区,精确匹配
148977,1737358109357051906,宏城名都,沙坪坝区,590c85ddf4698f116bb4799578f3d22d,宏城名都,沙坪坝区,精确匹配
148985,1737718077860024321,东桥郡,沙坪坝区,fb0e84dd4f4fe4f3cbe4fe78e942f8ff,东桥郡,沙坪坝区,精确匹配
148991,1738115929035706369,西永9号,沙坪坝区,21b89955a136386256bc2b1f7981cf2b,西永9号,沙坪坝区,精确匹配
148996,1739172511425171457,山水国际,沙坪坝区,563b27bf3ce5bb12b5df6975e4d98898,山水国际,沙坪坝区,精确匹配
148997,1739177613141676033,碧水云天,沙坪坝区,1e3aa2e97944d27b5dc3fd2d84218adc,碧水云天,沙坪坝区,精确匹配
149002,1739540452574433282,雏扬国际,沙坪坝区,65c419afc346509be519d846428928ba,雏扬国际,沙坪坝区,精确匹配
149005,1739561852945240065,渝富滨江首岸,沙坪坝区,a42ba87176b8c5832a0bca969b270f37,渝富滨江首岸,沙坪坝区,精确匹配
149007,1739564337470574593,金沙时代,沙坪坝区,aa0eb56e4f6af1116524f6bfcb3ab2ff,金沙时代,沙坪坝区,精确匹配
149015,1739569167656226818,华宇城,沙坪坝区,7c31f024e4eec5bc23d614834e4cabb5,华宇城,沙坪坝区,精确匹配
149020,1739576589925945346,星领地,沙坪坝区,6ac93ee97f684d65f3082f63077401f6,星领地,沙坪坝区,精确匹配
149021,1739942022097080322,秋水长天,沙坪坝区,14bab7b62257fb824bbf60b671396c41,秋水长天,沙坪坝区,精确匹配
149022,1739942242067353602,金沙东岸,沙坪坝区,ba1521023fe4256184983ce09d7ea816,金沙东岸,沙坪坝区,精确匹配
149023,1739576918188953601,温莎小镇,沙坪坝区,fc2c8d86e124a49391c833f00cc3a1ba,温莎小镇,沙坪坝区,精确匹配
149024,1739577227472736257,南方新城,沙坪坝区,93a98e96dbb0a2a3dc79f760fd7e622f,南方新城,沙坪坝区,精确匹配
149029,1742002591566336001,华绣锦院,沙坪坝区,a11abad6bc267416f45f51474f4d86ff,华绣锦院,沙坪坝区,精确匹配
149035,1749993102700908546,新宝龙易城,大渡口区,e654c9f97795d46bd3627cc28a392ec0,新宝龙易城,大渡口区,精确匹配
149036,1750062938898501633,巨龙度假村,綦江区,1fbf36e6ff7f127ef56f201e07da47bc,巨龙度假村,綦江区,精确匹配
149037,1750415669936984066,钢城印象A区,大渡口区,ccd36dedae80bdb8cd748e82d8652627,钢城印象A区,大渡口区,精确匹配
149038,1752228986582142978,恒通御景天都,大渡口区,4f77491a182e780ab4899133f8944225,恒通御景天都,大渡口区,精确匹配
149039,1747877430411857922,云山雅筑,北碚区,09da1f1803c66b065608b5d901097a3f,云山雅筑,北碚区,精确匹配
149040,1748251316915736578,古渡春色,大渡口区,1e96987a611bb5c483cbc79dc0735514,古渡春色,大渡口区,精确匹配
149045,1762721262001336321,永缘锦庭,沙坪坝区,09bf992d5c6e90fa1d851b5f4ab05558,永缘锦庭,沙坪坝区,精确匹配
149056,1764555087752867842,金洁.安居逸园,沙坪坝区,b58d09339e9205e3f006814fee7bc5e9,金洁.安居逸园,沙坪坝区,精确匹配
149058,1764574685365678082,长江轴承厂项目（中房千寻）,沙坪坝区,328a58df1b5c06ada51d69ed8ef1ee75,长江轴承厂项目（中房千寻）,沙坪坝区,精确匹配
149059,1764581611944161281,重庆万达城,沙坪坝区,76f5b2f8e9bf4325a48f86e4fe325a58,重庆万达城,沙坪坝区,精确匹配
149063,1763409552518033410,和谐苑,沙坪坝区,711e76f5a982fcd3289ec3a97029dc95,和谐苑,沙坪坝区,精确匹配
149065,1764904062586597378,天地源玖玺香都,九龙坡区,7ffee2ecf9167d19cc16c66a1edcd6c0,天地源玖玺香都,九龙坡区,精确匹配
149066,1765207799263801345,富洲新城,沙坪坝区,048d9e679210888a985b2f2f933fac85,富洲新城,沙坪坝区,精确匹配
149075,1765654939769458690,逸品森香,沙坪坝区,732b497aa46dcf7d61b3599ac28dc226,逸品森香,沙坪坝区,精确匹配
149076,1765656792657776642,金悦锦城,沙坪坝区,acf809f056db7462a838a3b091668169,金悦锦城,沙坪坝区,精确匹配
149082,1765554935130181633,美丽阳光家园,沙坪坝区,6213ad7747ee9f677ae6cf36f92bb27a,美丽阳光家园,沙坪坝区,精确匹配
149104,1767807292425588738,天越雅园,沙坪坝区,5f0b105522c98ce55c214313d8f502c8,天越雅园,沙坪坝区,精确匹配
149111,1767842034969694210,三陵雅园A区,沙坪坝区,4eadec78227bcdc8a512bd5ef0f62ac3,三陵雅园A区,沙坪坝区,精确匹配
149114,1768467720491192321,云端郡府,沙坪坝区,8681a7c8661f6d874be04484867fdcc2,云端郡府,沙坪坝区,精确匹配
149115,1768481072433025025,新怡家园,沙坪坝区,367be57bbc027d00713c0ddcdd542b01,新怡家园,沙坪坝区,精确匹配
149123,1769913335104360450,牛津街,沙坪坝区,dd28c41f7ad83087f624e5331e78b884,牛津街,沙坪坝区,精确匹配
149127,1769656000171692033,中建瑾和城,沙坪坝区,c95cd959fb33a833acacecddab35583e,中建瑾和城,沙坪坝区,精确匹配
149130,1770016062169894914,逸静花开香地,沙坪坝区,9e11af043b262c5488b99b175b6d6dc7,逸静花开香地,沙坪坝区,精确匹配
149133,1772537498688188418,重庆万科招商理想城,沙坪坝区,efed8f77956ebade5c27bed51874e5da,重庆万科招商理想城,沙坪坝区,精确匹配
149134,1773193461183180801,乌江山水,武隆区,0208c21579fc1d40ec5ae24ba69c86b7,乌江山水,武隆区,精确匹配
149143,1775352571987210242,沿海赛洛城雅郡,北碚区,887c324451b8363d1f5204c9b1535a9e,沿海赛洛城雅郡,北碚区,精确匹配
149145,1775347978372886529,香洲心城,北碚区,20af6e1de0bf89e2f2516827805b5061,香洲心城,北碚区,精确匹配
149147,1775417987233198082,御景玖园三期,北碚区,f2923b261692e7ed3f34e468ae855d88,御景玖园三期,北碚区,精确匹配
149149,1775424300319223810,御景玖园二期,北碚区,b621b5c05a9f1529e5e2e795731ef541,御景玖园二期,北碚区,精确匹配
149150,1775425102077210626,御景玖园一期,北碚区,6858420604669be661ed0df65726f739,御景玖园一期,北碚区,精确匹配
149152,1775427711253065729,丽景紫园二三期,北碚区,3fff1fa92ff28c347d68c3e7f85c7f01,丽景紫园二三期,北碚区,精确匹配
149160,1779707173582860290,水墨江山,北碚区,eac4af91878905a86236a298a7065b62,水墨江山,北碚区,精确匹配
149161,1779711029368778754,”书山府“房地产项目,璧山区,911ca44452241f8b330e6923800eec41,”书山府“房地产项目,璧山区,精确匹配
149167,1783694065114439681,金桥鑫都,沙坪坝区,0675028261759b9641061310148ea4f9,金桥鑫都,沙坪坝区,精确匹配
149169,1783696238539857922,凰城御府,永川区,1aae4e7ef27d73b862168a2387d5dadd,凰城御府,永川区,精确匹配
149171,1783698289843920898,棠麓源,永川区,5e3c12e4a665de10731285d3d6688557,棠麓源,永川区,精确匹配
149172,1783699702091243521,渝西印象,永川区,fed8a99c9339b9dfe0f4724c9fe6dcdc,渝西印象,永川区,精确匹配
149173,1783699977048842241,宇界维诗卡,永川区,6a490368b1f2f4f28d6212cc6d57acfc,宇界维诗卡,永川区,精确匹配
149174,1783700386521964546,御景水岸,永川区,6c5a47ae2356d16337dbc99fb49dcdd5,御景水岸,永川区,精确匹配
149175,1783780044915544065,凤凰育才,永川区,e55264ad836301f386b161bbcc0338a6,凤凰育才,永川区,精确匹配
149176,1783780301594365953,金科礼悦东方,永川区,0a404922168ef7bc8289d9a9ae84f4e1,金科礼悦东方,永川区,精确匹配
149177,1783780491705389058,金科天悦府,永川区,338fe1e9f5ee733257723a0d2275b1ce,金科天悦府,永川区,精确匹配
149180,1783783441957851138,长岛汇,永川区,88da3966b254226d53ccdd1ef0c498ae,长岛汇,永川区,精确匹配
149181,1787292277868007426,永川碧桂园翡翠郡,永川区,4a8c9aa02c59ba5a803668223aca66a0,永川碧桂园翡翠郡,永川区,精确匹配
149182,1787292763111231490,永川碧桂园翡翠湾,永川区,d1ffc32b93230a2b62e4906fbeb0af21,永川碧桂园翡翠湾,永川区,精确匹配
149185,1787293743001309185,东科·好望岭,永川区,1cc2d937515b6dd2b6bf0dd574c44217,东科·好望岭,永川区,精确匹配
149186,1787295127058714625,港九香山屿,永川区,9ffa03baa9883a4600d01cf06630e29d,港九香山屿,永川区,精确匹配
149189,1787296361790509057,华茂国际,永川区,e3e4885a62901f45af76491c1465830c,华茂国际,永川区,精确匹配
149190,1787296994228637698,佳和丽苑,永川区,a112603dc5863e9c53ca54900f3c71de,佳和丽苑,永川区,精确匹配
149191,1787297795554611201,永川金科集美天宸,永川区,5890cdd9fee77506028b0ba0846432cd,永川金科集美天宸,永川区,精确匹配
149192,1787299859072487425,永川金科阳光小镇,永川区,e0a616e7fed45597ba52287ee87bbd49,永川金科阳光小镇,永川区,精确匹配
149193,1787302975343890434,融大·湖地新苑,永川区,a6e60aca16a5a36613a159dc1ee61fd6,融大·湖地新苑,永川区,精确匹配
149195,1787303521400328194,时代国际,永川区,b7b7289e6ec46ffde460b5a906b3c590,时代国际,永川区,精确匹配
149196,1787303681534660609,拾光里,永川区,d4b2d7701eb0854ed4d7bc3b1de4c3c0,拾光里,永川区,精确匹配
149198,1787300673119784961,俊豪宽天下,永川区,e73a624105b513afbb0beaf30983f797,俊豪宽天下,永川区,精确匹配
149202,1788746969907122178,万科金域华府,北碚区,b658e21fbe369553431fa2514891da82,万科金域华府,北碚区,精确匹配
149203,1787309545981153282,中骏珑景台,永川区,fcbea4383aaa328ac0c9f99efbefbacd,中骏珑景台,永川区,精确匹配
149204,1787310001641951233,中铁.梧桐苑,永川区,25b9767b61d902cc80cd1041d8318ad8,中铁.梧桐苑,永川区,精确匹配
149205,1788768308030263298,缙能花园,北碚区,40ae91b6c3f3bba8a3cfcfca0fe145fc,缙能花园,北碚区,精确匹配
149207,1790997184626208769,恒安世纪花城小区,南川区,3a3bc187c5452394d9fde1ffc8ba3796,恒安世纪花城小区,南川区,精确匹配
149211,1792848045425995778,鸟巢海湾小区,南川区,b3ac0645a6a66f05034cfd0a758cc410,鸟巢海湾小区,南川区,精确匹配
149215,1793205842428735490,千帆·锦绣园小区,南川区,c3d7019bd53e7a41df4b08197025e257,千帆·锦绣园小区,南川区,精确匹配
149216,1793481911807422465,汇悦·悦峰,永川区,4521d09867660d4c69ef6bf2041d131c,汇悦·悦峰,永川区,精确匹配
149220,1793560876962197506,源水丽城,云阳县,04ce749d533604d586a94a9452e0c183,源水丽城,云阳县,精确匹配
149221,1793205422574710786,九都尚品小区,南川区,acf50aa7998006d6f1014c9f3076fe0a,九都尚品小区,南川区,精确匹配
149230,1793900547189682177,晶都国际,云阳县,de2be1eeff9c0cecddd6416294c151d0,晶都国际,云阳县,精确匹配
149231,1793901966428909570,帝豪国际,云阳县,39761a0d29fc0cddb47b705209b32077,帝豪国际,云阳县,精确匹配
149232,1793905534565265409,绿森名都,云阳县,811e2ba569aeb36bd32f12bed052bfe5,绿森名都,云阳县,精确匹配
149244,1794209930045992961,南川区东城花园棚改安居工程,南川区,00a97a50784bef5d3f619d16a7933185,南川区东城花园棚改安居工程,南川区,精确匹配
149255,1795357922870341633,广电华府,两江新区,21a48d4a24621847e237643d5c440a5a,广电华府,两江新区,精确匹配
149256,1795358191674896385,重庆恒大世纪城,两江新区,d5330349c68289f6a211f65f6add8b47,重庆恒大世纪城,两江新区,精确匹配
149257,1795382670526427138,君临棠城,永川区,e6012c56813dab38580f22c8e30f75c3,君临棠城,永川区,精确匹配
149258,1795621876058206209,华宇上院,两江新区,587fd3b64932b07f937621d0b238944e,华宇上院,两江新区,精确匹配
149268,1795742846756499457,金山丽苑,南川区,55b990ce6fbbd566e4021d8f07f17ba2,金山丽苑,南川区,精确匹配
149269,1795990186998280194,和泓南山道,南岸区,9815415c211622bd0809139d5806cb2a,和泓南山道,南岸区,精确匹配
149273,1796429437569249282,天馥城（雍锦澜庭）,南川区,bedf122eac00c80332c82d0e4532f1f4,天馥城（雍锦澜庭）,南川区,精确匹配
149274,1797799841135243266,劲力花园,两江新区,2c901d9f93d3ea670193dcd1a84e2f3d,劲力花园,两江新区,精确匹配
149283,1798244699826204673,上湾雅居,南川区,e535e2f356f64a7b8e74e6be93974d8b,上湾雅居,南川区,精确匹配
149285,1797807624068968450,天宫花城,两江新区,404a6712aba73c3498330d77b4c91dad,天宫花城,两江新区,精确匹配
149293,1798616640382754817,总部基地,两江新区,294f0c3cb5628a63b752bc986a1ed86f,总部基地,两江新区,精确匹配
149294,1798623752110399490,骏逸第一江岸,南岸区,2d0128d464fcc2b8d9aea887a705bd48,骏逸第一江岸,南岸区,精确匹配
149295,1798632666747035650,重庆恒大御府,两江新区,cfa71fb04ee443aa670c0129bc92f593,重庆恒大御府,两江新区,精确匹配
149297,1798633286711304194,逸翠庄园,两江新区,ff86f6de856b002da79a2ddf6c623389,逸翠庄园,两江新区,精确匹配
149306,1798940825768353794,首创十方界,两江新区,5e40ee4cae2a0c8e27e6a13992255f7a,首创十方界,两江新区,精确匹配
149310,1798962771235102721,南山山晓,南岸区,817c78e74e4514637e66f3298cbbd2fd,南山山晓,南岸区,精确匹配
149324,1799953304849932290,中冶北麓原,两江新区,f50875b9ed9ddee62f69ef172df9f3f2,中冶北麓原,两江新区,精确匹配
149326,1800416704826630146,两江名居,北碚区,3f99b90a45e7472d634db28b2cebc60d,两江名居,北碚区,精确匹配
149327,1800424779188985858,中安翡翠湖,北碚区,c87b8b6912860602d456d1e273ae53ce,中安翡翠湖,北碚区,精确匹配
149330,1800435928097808385,紫云台,北碚区,0e61871d6abcfc7d55c6fc89eebd3b1c,紫云台,北碚区,精确匹配
149334,1800680131939721218,良瑜国际养生谷,南川区,d1125ba2f091f1f84e2e32d3a334f002,良瑜国际养生谷,南川区,精确匹配
149337,1800725097365823489,伊顿庄园,南岸区,918ce04c4cecbd5004c6a8ebd5c47e2c,伊顿庄园,南岸区,精确匹配
149347,1802585312545640449,重报时代中央,涪陵区,446b94fc6fb253c7ee9a189cc78ccaa4,重报时代中央,涪陵区,精确匹配
149359,1802984442103238657,悠彩郡,渝北区,c4c7653c7909e117d9500ed26050842d,悠彩郡,渝北区,精确匹配
149360,1802985217206423553,番茄花园,渝北区,8a3c86e9599aa3e69c65ed193b9eb5a9,番茄花园,渝北区,精确匹配
149361,1802891238448205826,北城佳园,渝北区,8ba71c3126681dad9c1937a8b6a3e509,北城佳园,渝北区,精确匹配
149362,1802972632574758913,风华美锦,渝北区,55d9dff78af8e7965efbc4adfa7828c0,风华美锦,渝北区,精确匹配
149365,1802990231886925825,凯德九章,渝北区,ac9cb8b46af3a87c33cd78a3bb708d8c,凯德九章,渝北区,精确匹配
149373,1804070530376974338,海悦蓝庭,江北区,684fdce9c7895a834d5478f5b3e299c3,海悦蓝庭,江北区,精确匹配
149375,1804314801399054337,金科澜山郡,南川区,7fbc2d27c81e341a81b5df56c00a0296,金科澜山郡,南川区,精确匹配
149376,1804315181688209410,金科三期良筑,南川区,66546c6d5cf4c278d25cc568419b1360,金科三期良筑,南川区,精确匹配
149377,1804731774247288833,东海香悦里,垫江县,c56bcb8ffd6c343c7094a0bd9fe455dc,东海香悦里,垫江县,精确匹配
149378,1804733922796290049,印象西湖,垫江县,8b0abb725f3bbcb6636a47786d0bcdd7,印象西湖,垫江县,精确匹配
149379,1804736471213457410,玉湖澜湾,垫江县,c6ae6b346e6ded2846427d7be6cd8626,玉湖澜湾,垫江县,精确匹配
149380,1804738442460839938,东城花园,綦江区,b3cfb88e49a1bec064100ce48b0abb06,东城花园,綦江区,精确匹配
149381,1804739687317684226,西湖御景,垫江县,ab08c58556492f86428405363e00bce7,西湖御景,垫江县,精确匹配
149382,1803608579230306305,金科10年城,江北区,f7a06c3169075ae09088dbc8716cd776,金科10年城,江北区,精确匹配
149391,1805058513636868098,东海鼎山府,沙坪坝区,20bc22d1f5a952366a1219c9e2b81015,东海鼎山府,沙坪坝区,精确匹配
149397,1805791474116116481,新壹城,南川区,752be2ba16678910041328dbe561b899,新壹城,南川区,精确匹配
149410,1805862936961269762,南川永隆山新城项目,南川区,72a48d2dc3428cb3774175c203bcf631,南川永隆山新城项目,南川区,精确匹配
149416,1806485932147130369,翡翠蓝山,南川区,2fa3e6db004c185512bbc365b9feab11,翡翠蓝山,南川区,精确匹配
149417,1806486274771435522,翡翠世家,南川区,e858a9ae3df7ee24794711bee77a9957,翡翠世家,南川区,精确匹配
149418,1806486548856619010,九鼎峯境,南川区,00adc7c30d2f5c3427216dc19c04de6a,九鼎峯境,南川区,精确匹配
149420,1806502207879561217,森柯香榆园二期,渝北区,1e15ae156582f8968cc3152d7f14582f,森柯香榆园二期,渝北区,精确匹配
149423,1804758570309173249,凤御牡丹,垫江县,811bcee50d49d3f5fc91e3d7389d57fc,凤御牡丹,垫江县,精确匹配
149425,1806504574905663489,春风丨城市心筑,渝北区,9795ffc2b8887d242dd459f9142fbb33,春风丨城市心筑,渝北区,精确匹配
149428,1807661903076311041,荣城·学府星城,奉节县,4053ee903ee02dd8480b11fba0151f79,荣城·学府星城,奉节县,精确匹配
149429,1808053190241730561,南川恒大滨河左岸,南川区,16083e18e5adaf2c4d1cb3395531061b,南川恒大滨河左岸,南川区,精确匹配
149430,1808064118941204481,南川奥园新红阳公园壹号（A区）,南川区,2847fbe74318f054f53e96f4e9355bb9,南川奥园新红阳公园壹号（A区）,南川区,精确匹配
149431,1808345297489674242,师大桐栖学府,南川区,e9347f8e514972cf4b97081ab89b9fe2,师大桐栖学府,南川区,精确匹配
149432,1808405770671144962,四季花园,荣昌区,2c901d9f93dd23cb0193f2909e1e1f2a,四季花园,荣昌区,精确匹配
149437,1810116201118867458,晟景台,两江新区,4d0bd2981f005ce276ac93b9369805a4,晟景台,两江新区,精确匹配
149439,1810497632236118018,同景跃城,巴南区,324166a428e25ac1a92356cac012a41b,同景跃城,巴南区,精确匹配
149441,1810843204738523137,南樾府,南川区,6a7540713305b3723270281d209f0c9f,南樾府,南川区,精确匹配
149442,1810878247208919041,明阳天下,南川区,cf97ebb75d164d563d1b1ed8fc6b5884,明阳天下,南川区,精确匹配
149443,1810966121300271106,大庆村综合住宅小区,江北区,e6b8b9befe820df8c3a2a4ee8458f383,大庆村综合住宅小区,江北区,精确匹配
149457,1813041104264544257,蓝色经典,江北区,40dc67c2380a76aab3428556f4cc3818,蓝色经典,江北区,精确匹配
149459,1813042541618970626,百年馨苑,江北区,9b5d76bd80998a8c3ddf9a3ec229410d,百年馨苑,江北区,精确匹配
149464,1813379529370943489,百年康苑,江北区,f0582ef10d56b94a0c13fee0e3f87a39,百年康苑,江北区,精确匹配
149465,1813471167690752002,江山铭著,垫江县,1fef9b045b7cbd27ae406ec005521f84,江山铭著,垫江县,精确匹配
149468,1813501165587841026,环彬白帝天下,奉节县,f0d99ac9a7e1807b2cea6775f524aec3,环彬白帝天下,奉节县,精确匹配
149469,1813747153959305217,海成·江山赋,奉节县,a6bf05d819bc926b038a72a53fdd9418,海成·江山赋,奉节县,精确匹配
149476,1814218246704775169,天衢府邸,武隆区,ba08cb001b78faccdf035d95b1b6861d,天衢府邸,武隆区,精确匹配
149477,1813821652947877890,泽科·空港明珠,渝北区,060307b6655228c12934cb75138db39b,泽科·空港明珠,渝北区,精确匹配
149489,1815934902032318465,金易,南川区,bf60da7e9ea8a62ac7508571ab3e618c,金易,南川区,精确匹配
149490,1815950695407206401,极鼎城市丽都,江北区,02a4f635c5af596ae5fa7125cd60d552,极鼎城市丽都,江北区,精确匹配
149492,1816077160903786498,棠富园,江北区,aa50339484c78ec55bb830489cde3a28,棠富园,江北区,精确匹配
149493,1816262730695204865,城投天元,南川区,7f1ea59460246ed1c574ea0669c32634,城投天元,南川区,精确匹配
149501,1816387670161383425,彩虹道,南岸区,0a56690de70bdaf122c5a7d103d0f7c0,彩虹道,南岸区,精确匹配
149504,1816388504953708545,云满庭C区,南岸区,d527133bd6910de9a8700164fe9b4cee,云满庭C区,南岸区,精确匹配
149509,1816400649938427906,海棠晓月C1区,南岸区,313abf69974354df2ec9712574e3a11d,海棠晓月C1区,南岸区,精确匹配
149522,1816720333367828481,春风十里,高新区,a81d0275610750b505534afdc1cf9255,春风十里,高新区,精确匹配
149523,1816720493552492545,春风里,高新区,d80a84ff82be6972f2f5a170e2ea5f19,春风里,高新区,精确匹配
149526,1817748687395119106,大川水岸,江北区,4b3b66f31cd01c789f97e90a2b0abd0e,大川水岸,江北区,精确匹配
149530,1818128074779025410,三湾金季,江北区,6511c3b6d843df7c34249ccd26a8fd06,三湾金季,江北区,精确匹配
149535,1818191671970390017,百里清水湾,奉节县,b900e26a0c43cbad94418aaf98f735d1,百里清水湾,奉节县,精确匹配
149549,1818543193652617218,名门山庄 ,江北区,4e2bd71de402202dfd86a065478d0f93,名门山庄,江北区,精确匹配
149557,1818566171954143234,天下城,江北区,52936c88a5acb39cbeaf8a1bee5ab875,天下城,江北区,精确匹配
149558,1819186830661017601,奉节集美江畔,奉节县,256b4e802091f26127448d0b681074f9,奉节集美江畔,奉节县,精确匹配
149561,1819207132996591618,悠哉悠宅,江北区,18d2674f8d2db627f09afb836b4f1fc0,悠哉悠宅,江北区,精确匹配
149567,1821387257318105090,海怡新城二期地块一项目,涪陵区,346dd60444293f4265e68d257f3dbfd1,海怡新城二期地块一项目,涪陵区,精确匹配
149573,1823279782308016129,阳光豪庭,南川区,6324ce9dec39bda6715760dab6fbede4,阳光豪庭,南川区,精确匹配
149577,1824003316189687809,胜利花苑,江北区,802076f55b3c0051f343f726f51d112e,胜利花苑,江北区,精确匹配
149580,1824283498372853761,润物·星月林语,涪陵区,589a89c46cf3d922d409fb76b3e369a6,润物·星月林语,涪陵区,精确匹配
149582,1823646608745492481,水江云滨,南川区,2134afef3e7efcdac9899e7f8c9daaa2,水江云滨,南川区,精确匹配
149584,1825710026994413569,水语华庭,江北区,53f8e708ff17279e69417674cf6ba75f,水语华庭,江北区,精确匹配
149585,1825737867622543362,汇龙所有阳光,永川区,c192ceae9eca5806b896c81836230d4a,汇龙所有阳光,永川区,精确匹配
149591,1830790250249515009,定慧晓月,长寿区,bb35b210bec5b724678c5dd9736ad1be,定慧晓月,长寿区,精确匹配
149596,1830794096241733634,黄桷雅居,长寿区,97e487d44d5d4dbeecfa6ea4f5e05d44,黄桷雅居,长寿区,精确匹配
149600,1839140370439401473,顺风庭,长寿区,ab2fae3e151e62f5841d99468acf703a,顺风庭,长寿区,精确匹配
149601,1839489824518500353,翰林港湾,长寿区,dbf33577175e4bebf6840787f154091d,翰林港湾,长寿区,精确匹配
149602,1844949069472944130,石马花园,梁平区,e58977e1582ca9fd1a36c4c96b2e0209,石马花园,梁平区,精确匹配
149603,1844949547153838082,书香豪苑,梁平区,4c3491d9bcccba2337b55c1ddbc9ef9f,书香豪苑,梁平区,精确匹配
149604,1844949945914707970,玉龙庭院,梁平区,21bb684e083f1c7c0e4aba2dd4a6bcd5,玉龙庭院,梁平区,精确匹配
149605,1844950265982046210,必景新苑,梁平区,59a1519fd9642fb60e39df253b24e674,必景新苑,梁平区,精确匹配
149610,1850792502586462209,长安天樾,垫江县,228cc53cc2810435e9079c2b050b7368,长安天樾,垫江县,精确匹配
149611,1850832280677732354,科凯北部湾,垫江县,99e1393244a8dae1d80fb33066419a63,科凯北部湾,垫江县,精确匹配
149612,1851092291807039489,西城雅豪,垫江县,ab66e284ff54239e69c51389519cfa5d,西城雅豪,垫江县,精确匹配
149622,1852284257089507329,明月小区,垫江县,da915017188baa534648e8f3b4d1f835,明月小区,垫江县,精确匹配
149623,1853997462006419458,桂溪名苑,垫江县,1d989a1b661e5e2625c7f7bebefc4011,桂溪名苑,垫江县,精确匹配
149630,1864233199310135297,中航半岛,九龙坡区,f1b3ff0938ff6f581b7f9728f7081224,中航半岛,九龙坡区,精确匹配
149633,1879055713433464834,启迪协信重庆科技城,江北区,6dcd07d62dce1183e26df165e95aae76,启迪协信重庆科技城,江北区,精确匹配
149634,1881890914102587394,国盛·莲花湖,高新区,0bca7893f396836b9dc89f7a79e164fd,国盛·莲花湖,高新区,精确匹配
149637,1889146789045354498,博美·颐景园,梁平区,315e27d3be9557708600c462c109fb74,博美·颐景园,梁平区,精确匹配
149639,1889201596380626946,金玉良苑,梁平区,bfbe413d58ab7f1c289d65e1799dc7ea,金玉良苑,梁平区,精确匹配
149640,1889879974549012481,腾达.学府雅苑小区,梁平区,6f51310f8ddbd143fee04f483aa7655e,腾达.学府雅苑小区,梁平区,精确匹配
149641,1889880358948585474,竹海南山锦城,梁平区,37957db2e40779b5b62410bc7c6d6ebd,竹海南山锦城,梁平区,精确匹配
149642,1889973033030795266,新天泽,大渡口区,cd9bf03c4b36d9d0b48478bd5730e7ec,新天泽,大渡口区,精确匹配
149643,1891768015907602434,明珠湖畔,梁平区,34d25672c07dec8fa7dd554d03362c02,明珠湖畔,梁平区,精确匹配
149644,1892853873167450113,中泰上境花园,合川区,257c01699807288adf0f68e60f014b11,中泰上境花园,合川区,精确匹配
149645,1889949710599208961,丝绸大厦,梁平区,456f38f9c808c09be1788c5bae2beeab,丝绸大厦,梁平区,精确匹配
149646,1889952583445790721,竹海悦府,梁平区,0df658e544bab2557e5d939fc580c683,竹海悦府,梁平区,精确匹配
149648,1894194944115884034,恒安体育人家,丰都县,b2f0699fe7237bab9b4a37463d6e4f39,恒安体育人家,丰都县,精确匹配
149649,1894269502349000706,高青尚品,梁平区,fe615974b4e7889d0f5b73548bcc2aa1,高青尚品,梁平区,精确匹配
149650,1894271907111256066,东方天籁花园,梁平区,3dc2a5f02fca4b57364434074250e713,东方天籁花园,梁平区,精确匹配
149651,1894275986742984705,雪莱翡翠城,梁平区,4b3c00cb78404734f06b9bdf4b87f71d,雪莱翡翠城,梁平区,精确匹配
149656,1894646192891957249,江山名门,江北区,61600ba82b0efca0a85a1bcaad433070,江山名门,江北区,精确匹配
149659,1894663502650347522,瑞同爱情公寓,江北区,624694b1add3bdf79e51a62b4ec200b0,瑞同爱情公寓,江北区,精确匹配
149661,1895010958160322562,巨源·湖畔壹號,梁平区,5c8f484bc97a3dac679c191df6f6ac38,巨源·湖畔壹號,梁平区,精确匹配
149662,1895324864741269505,璧河国际,璧山区,b39f9e39f82a1ccf5a386ae9f89779f5,璧河国际,璧山区,精确匹配
149664,1895389950474346498,香榭丽舍,梁平区,c14a9acd43cb475b473d142bffe4cba2,香榭丽舍,梁平区,精确匹配
149665,1896377713835270145,御湖蘭园,璧山区,a6ec57d733d9c894e633cba07e16bf7a,御湖蘭园,璧山区,精确匹配
149667,1897222049611276290,金凤苑,高新区,cac6b1ebb57fcf22d4169ee585eccf63,金凤苑,高新区,精确匹配
149668,1897222498745737217,翰粼天辰,高新区,5efb403885d85989f0b4a1334d986bab,翰粼天辰,高新区,精确匹配
149669,1897462763087654914,中骏云景台,江津区,d680000b985fe3fcb642efc8dd4067d1,中骏云景台,江津区,精确匹配
149670,1895379277841326081,卓润新丽居,江北区,be806f624c300017aa5af3a605d35ea8,卓润新丽居,江北区,精确匹配
149672,1897482287857987585,昕晖·麓台熙著,江津区,6f648232638926db47d0ac3a449fb4e4,昕晖·麓台熙著,江津区,精确匹配
149674,1897544422914977793,高宇十里云湖,铜梁区,dac44c7490c2bb58dc231946445660d9,高宇十里云湖,铜梁区,精确匹配
149678,1897593961663361025,垫江集美牡丹湖,垫江县,1de3fc7c5f8fb272e3cf7c79142297fc,垫江集美牡丹湖,垫江县,精确匹配
149681,1897832914328940546,天诺四季花城,铜梁区,f4732bc9796c0ba17dee1f621cd7e99f,天诺四季花城,铜梁区,精确匹配
149689,1897850529193586689,阳光花城,江北区,7ab785f655c9d3129ef66a34ebf171ba,阳光花城,江北区,精确匹配
149695,1898905667442241538,春三里二期,江津区,b058b1788f834f26db6c3f6839753bb1,春三里二期,江津区,精确匹配
149696,1898915443735719937,长寿佳园,长寿区,f61aa1c37c6e7be9ee884c9d9ea04342,长寿佳园,长寿区,精确匹配
149697,1898916341908172801,珞璜碧桂园翡翠蓝山,江津区,9ab2ee84c926a1891e243ff7d9a78e7e,珞璜碧桂园翡翠蓝山,江津区,精确匹配
149698,1898920828601298946,万腾·御景城,高新区,c0c35bc7db2817d75d7be9da36a4d664,万腾·御景城,高新区,精确匹配
149700,1898921462968807426,新京岸上蓝山,万州区,cf2e03b2cff68c02e0ad28da31bcacb3,新京岸上蓝山,万州区,精确匹配
149701,1898922269059510274,金科集美文苑,长寿区,5f899ee4b0f40490322fa4ddc898b788,金科集美文苑,长寿区,精确匹配
149705,1898931885508063234,保亿中央润园,渝北区,cedc91bc9d1ba873540ff44f915ffa5a,保亿中央润园,渝北区,精确匹配
149706,1898932196868026370,旭威·宝利星城,铜梁区,c3acd0cdfcfd49ad12bcb1fe8de64e6a,旭威·宝利星城,铜梁区,精确匹配
149707,1898931169980772354,上创雅园,九龙坡区,731057282fc8cb4fdcc0eefebbe5db0f,上创雅园,九龙坡区,精确匹配
149708,1898932621998485506,西城明珠,九龙坡区,8fc081612b586f9bf8c9aeb216bdec74,西城明珠,九龙坡区,精确匹配
149711,1898933960061153281,桃李郡,渝北区,4e7c031a9407851a85269be888be219f,桃李郡,渝北区,精确匹配
149712,1898937089175515138,旭日凤凰城,渝北区,b0e2060b09dbded80b1847aefc8d5afa,旭日凤凰城,渝北区,精确匹配
149713,1898937600582807554,金科原乡美苑,铜梁区,18f581c29c5cbd5c97ba4200f7fa1185,金科原乡美苑,铜梁区,精确匹配
149714,1898937691645341697,金科美的云麓,渝北区,3b78425655c8eb2ff693e19840233c87,金科美的云麓,渝北区,精确匹配
149715,1898938347596738562,重庆中交城,九龙坡区,67468fd4b4e6a5814794c64b94e5b511,重庆中交城,九龙坡区,精确匹配
149723,1898969179938025474,金融街.金悦府,九龙坡区,fc6c5d90fd3deabcae1f0883060e0db7,金融街.金悦府,九龙坡区,精确匹配
149727,1898978770033766401,春江花月,九龙坡区,3b17ea03388b192f577ca1f3b4aee744,春江花月,九龙坡区,精确匹配
149728,1898960642356736002,汇悦·悦府,永川区,11a1cd9064829838a9f553de7caa7d05,汇悦·悦府,永川区,精确匹配
149730,1898982403399938049,中海.春华尚城,渝北区,0cdb16e1c98f4b43d9ad8c2d4228dd55,中海.春华尚城,渝北区,精确匹配
149733,1898985692350836737,锦绣花城,九龙坡区,7bf88a21f98604a8bd70dccd62b0a67d,锦绣花城,九龙坡区,精确匹配
149734,1898985710398926849,铺金.载水一方,南岸区,8a6ea2c03936a2aea1557556c6c78153,铺金.载水一方,南岸区,精确匹配
149735,1898986756777111554,阳光尚座,九龙坡区,7022d68049c71a8f13c23c3a499ce1fe,阳光尚座,九龙坡区,精确匹配
149738,1898995219209056257,澳海顺园公馆,涪陵区,8d8a677c3cf9710e69b0c3e7253c9f9f,澳海顺园公馆,涪陵区,精确匹配
149739,1898995594297274370,盛美居,九龙坡区,2c4bb1ace20dec73887c5a22f93c4516,盛美居,九龙坡区,精确匹配
149887,1899753215358857217,丽景东城,江津区,5d311e78e90923365dbe4f38be8da243,丽景东城,江津区,精确匹配
149746,1899008020614934530,潼南恒大绿洲D7地块,潼南区,7728c3df06f5fe0280e9ca8447990add,潼南恒大绿洲D7地块,潼南区,精确匹配
149747,1899009214980747265,七彩华府,九龙坡区,d9f04399696a6cc92ada5d0742f63f9a,七彩华府,九龙坡区,精确匹配
149748,1899009298766163970,鹏瑞·国色天香,铜梁区,fe131b584808f9d54809f256e2d91a69,鹏瑞·国色天香,铜梁区,精确匹配
149750,1899010452526919681,兰亭别院,铜梁区,6897fc4316d20ff6fc7ca08a3c7923b1,兰亭别院,铜梁区,精确匹配
149752,1899014461081972737,玥明台,璧山区,b8e1ea354e3bd881e491cc086f0e89a0,玥明台,璧山区,精确匹配
149756,1899024125916016642,保亿巴南鹿角项目M39/02地块（湖山鹿鸣二期）,巴南区,43c014675e493805d53dec5da680422c,保亿巴南鹿角项目M39/02地块（湖山鹿鸣二期）,巴南区,精确匹配
149759,1899028427074105345,麒川时代,高新区,6b085f46205dac94ee4ae4a3af64d106,麒川时代,高新区,精确匹配
149761,1899028764623302658,德云驿都,高新区,c45cdc8f46814d74256ef3c484ce3b5f,德云驿都,高新区,精确匹配
149764,1899056720791924738,恒春凤凰城,合川区,fd1f0ef12a1d97f71f933c20b91c35f3,恒春凤凰城,合川区,精确匹配
149765,1899057419743326210,书香美庐,合川区,0a1ac699b47d55eafce3fef9b620011a,书香美庐,合川区,精确匹配
149767,1899064437963157506,浦江·上海城,永川区,ca011ae77e879c7b2ca3556f84730fdd,浦江·上海城,永川区,精确匹配
149770,1899060041254629378,合川世界城,合川区,9e2cda6e1bf744d7e01dc5a29b6f99ed,合川世界城,合川区,精确匹配
149771,1899060278799036418,合川天籁城,合川区,6c7a782408a0b1e4f7c3c53a0bf48dd2,合川天籁城,合川区,精确匹配
149775,1899268114942455809,斌鑫江南时代,巴南区,8e99b86e2a9d9be79984a1588cbb08d8,斌鑫江南时代,巴南区,精确匹配
149777,1899271153963167745,东原香郡,巴南区,548100309633dd0280e9708f5505247e,东原香郡,巴南区,精确匹配
149779,1899271510097326082,东原桐麓,巴南区,9329d6a8490e1d99c35c6fe1641bf3ad,东原桐麓,巴南区,精确匹配
149781,1899275279606411265,北大资源燕南,九龙坡区,f0dd43e126024802a21cd08ba0b194d0,北大资源燕南,九龙坡区,精确匹配
149782,1899279063455821826,璧山碧桂园,璧山区,a7bbadf6defb985f4bc237ee309adf3d,璧山碧桂园,璧山区,精确匹配
149786,1899290377590861825,一城枫景,铜梁区,45ad90bf69294b98c30878a137ec5c40,一城枫景,铜梁区,精确匹配
149790,1899298064424693762,凤凰岭香槟小镇,江津区,47787dc344710ff3856c9ec2ec32f30d,凤凰岭香槟小镇,江津区,精确匹配
149791,1899299221830299649,财信中梁华府,江津区,3558e0be8c14439b7269d978ca889b3c,财信中梁华府,江津区,精确匹配
149794,1899306294991319042,魅力晶城,江津区,70a7313f939f95443309212e3f6b30f5,魅力晶城,江津区,精确匹配
149796,1899307251682701313,融汇半岛三期,巴南区,f570443f704e02cd97e6430ffc9c8cd0,融汇半岛三期,巴南区,精确匹配
149799,1899330847343833090,鲁能南渝星城,巴南区,839023bd0d4860cbc61259ca59fe232e,鲁能南渝星城,巴南区,精确匹配
149800,1899334261880582146,颜龙山水,巴南区,cf620854ba3eacd3bf9c91a376e0da6f,颜龙山水,巴南区,精确匹配
149802,1899336943794057217,丽景龙湾（风花树）,巴南区,f675e927b1c4baa840ed2930cf6944b2,丽景龙湾（风花树）,巴南区,精确匹配
149803,1899343012410880002,融信龙州府（融信澜湾）,巴南区,77f67f34b77d59cfcb1891991d844212,融信龙州府（融信澜湾）,巴南区,精确匹配
149806,1899348588779991041,锦江郦城,渝北区,4eb63370e500bf5083f9d68f429aa168,锦江郦城,渝北区,精确匹配
149807,1899350125082243073,东原晴天见项目,渝北区,199bab1fe9d0d2e0285c04fcbb095b08,东原晴天见项目,渝北区,精确匹配
149810,1899351991887261698,伴山丽苑,江津区,832c119d14bddb35010eb9365e5e88bc,伴山丽苑,江津区,精确匹配
149815,1899365267148828673,文广新村,江津区,2e7924d65c16978c170c9516c8afbf79,文广新村,江津区,精确匹配
149822,1899383505257689090,志龙观江岭,九龙坡区,290e6b81b9af78e0add138f6f75246d1,志龙观江岭,九龙坡区,精确匹配
149824,1899393108913614849,书香溪墅,高新区,0956f5fe3a80c8ef03062f258b5b8cee,书香溪墅,高新区,精确匹配
149825,1899393813879648257,广厦城二期,九龙坡区,ca71c86ef1ffe4f08970a36b1761da1a,广厦城二期,九龙坡区,精确匹配
149827,1899394708851847170,春森水岸,巴南区,210647de56f02f98dff015bbac491fcd,春森水岸,巴南区,精确匹配
149829,1899395775895367682,中冶.幸福居,九龙坡区,df6491ecd3c776de1aebddf9b3c45651,中冶.幸福居,九龙坡区,精确匹配
149834,1899399108097929218,中冶.幸福岭,九龙坡区,92c8177e60ab726f6ef671395aee28d0,中冶.幸福岭,九龙坡区,精确匹配
149835,1899403200245460993,大发熙悦書山境,巴南区,548799727d70f97f022dd15553c37a5a,大发熙悦書山境,巴南区,精确匹配
149839,1899439336573562881,合川宝润国际公馆,合川区,61155f2d1ab66af49db9fbed8dd60323,合川宝润国际公馆,合川区,精确匹配
149846,1899644098514448386,万友四季缤纷,巴南区,11cd1939d7aed08df716ba76f3c9e225,万友四季缤纷,巴南区,精确匹配
149847,1899634100954656769,重庆恒大御景湾,巴南区,2718ac7367947047b9e95a66ca824690,重庆恒大御景湾,巴南区,精确匹配
149849,1899630687873331202,江畔明月二期,江津区,f03d5cfcecfd823c6f3907dda8ad8466,江畔明月二期,江津区,精确匹配
149850,1899645293765259266,国宾豪庭·花样年华,渝中区,72c50a92371ec91099c1c2ef437058c9,国宾豪庭·花样年华,渝中区,精确匹配
149856,1899650002844577794,重庆恒大国际城北区（同景国际城W组团）,南岸区,0553ddb24d21392a4c09097f81536005,重庆恒大国际城北区（同景国际城W组团）,南岸区,精确匹配
149857,1899650562658332674,半岛明珠,江津区,0ce941959b5d42e2d3ee63f63a8a4ae1,半岛明珠,江津区,精确匹配
149859,1899660097708027906,北麓云山,巴南区,804cc3dcdd38d0e9fc69d0fa4c46bdb3,北麓云山,巴南区,精确匹配
149860,1899660591859953665,立新怡景湾,云阳县,fb4b041413e2aa29f6bdc4e883b5160b,立新怡景湾,云阳县,精确匹配
149863,1899662097602506753,双河佳苑,巴南区,5a815bc58fe9b75659f2f3eead76a66e,双河佳苑,巴南区,精确匹配
149868,1899713917666390017,维多利亚港湾,江津区,2a2e860bf69dbb5d4d5329be811ca8cb,维多利亚港湾,江津区,精确匹配
149871,1899720018969423873,圣瑞华府,长寿区,279a215a363a9015c3ce937935e200d7,圣瑞华府,长寿区,精确匹配
149872,1899720144114872321,富达城,巴南区,64b17d29550bc43179f7104e5dcd1d1b,富达城,巴南区,精确匹配
149873,1899718991708876801,锦绣江南小区,巴南区,b2ff7fc3db89bd166352f1a4a5bbc262,锦绣江南小区,巴南区,精确匹配
149877,1899732797260492801,四季花都,江津区,8cf72d6d9815591cd2ff990565badf32,四季花都,江津区,精确匹配
149880,1899741813374119938,金山港,荣昌区,515a75ccfdb235a18c4ea0e403698d33,金山港,荣昌区,精确匹配
149885,1899750599233040386,江城铭著,巴南区,26d7aa491c5f525cd31df221af915604,江城铭著,巴南区,精确匹配
149889,1899756044907638786,翠竹苑,巴南区,a8e5b729c09c07bfaff1c6417f49fc71,翠竹苑,巴南区,精确匹配
149890,1899757622255349762,星河奥韵,江津区,eb021c53d090124717739d09d8d1f238,星河奥韵,江津区,精确匹配
149891,1899758845796741121,昕晖璟尚,铜梁区,68e01c22959e5a61e15ddfecf058da6a,昕晖璟尚,铜梁区,精确匹配
149892,1899759200290926594,海悦香缇,江北区,37611ea199a93f3b039c7307a0295c95,海悦香缇,江北区,精确匹配
149893,1899759924869525506,宏锦鑫都,巴南区,0bd2875a3a4fd232e202547b81b320c5,宏锦鑫都,巴南区,精确匹配
149894,1899760008172597250,凤凰湾一期、二期、三期,江北区,c6399d1213181f2fdf53bfe1f859e738,凤凰湾一期、二期、三期,江北区,精确匹配
149899,1899760803177754626,骏丰.佳苑二期,高新区,2588b11575034187401da81d57366380,骏丰.佳苑二期,高新区,精确匹配
149900,1899760872564125697,佳兆业·珑樾壹号,高新区,e1e040b7ed727a5f4fc349848e9ee2ce,佳兆业·珑樾壹号,高新区,精确匹配
149906,1899992480927903745,协信·天骄溪悦,巴南区,bac91c49c80e6813ae2c50a88acc8e16,协信·天骄溪悦,巴南区,精确匹配
149907,1899993720529285121,朗基八俊里,巴南区,c3bacc900918a2b6d0453df08c61c1a2,朗基八俊里,巴南区,精确匹配
149910,1900002631416213505,雷士江南水岸新都A区,万州区,268247e73647f01741135c8fe77534f2,雷士江南水岸新都A区,万州区,精确匹配
149911,1900003833575043073,欧典花园,万州区,04f988f73f50e2dd0b5c160903f69fb5,欧典花园,万州区,精确匹配
149913,1900007449023148034,星澜汇四期S16-4/03,巴南区,7b2c0b3e14af9c404e591caf0bf74459,星澜汇四期S16-4/03,巴南区,精确匹配
149918,1900014657924427777,俊豪城西区,璧山区,168c06a367e19ff7c0217588b3c329e7,俊豪城西区,璧山区,精确匹配
149920,1900016195690491905,昕晖璟樾,铜梁区,6012c635f07ae30babffe6c1c8a51845,昕晖璟樾,铜梁区,精确匹配
149924,1900017413707984897,中科.中央公园城,黔江区,b7151832a285e6c676e5c2849b7e1bf3,中科.中央公园城,黔江区,精确匹配
149926,1900021508422430721,龙井佳苑二期,南岸区,d74b12de8450ee5c9fc7357b50675d0e,龙井佳苑二期,南岸区,精确匹配
149927,1900021769417191426,御景江山综合楼工程,南岸区,b1a28144d7ed87d3941ad08de826c8ed,御景江山综合楼工程,南岸区,精确匹配
149930,1900033284182568961,山栖,北碚区,44ec645a8033526050c5e053a9e85686,山栖,北碚区,精确匹配
149931,1900034248763437058,俊豪城东区,璧山区,84091522a4e97862057507b72d24c01d,俊豪城东区,璧山区,精确匹配
149933,1900042804061466626,百康年奥运光年,九龙坡区,45b156efcf1c6b501c48cf8def3826d9,百康年奥运光年,九龙坡区,精确匹配
149937,1900070597675642881,车时光,巴南区,80e7f09a7771d41aeb4acaf190bfc097,车时光,巴南区,精确匹配
149938,1900071525069811713,鸿鸥.御江山,万州区,72a30e6b7b01d24021fe3f3310169230,鸿鸥.御江山,万州区,精确匹配
149940,1900073406663946242,星都会,万州区,567b9b0d29fa167080d3c5c35664d342,星都会,万州区,精确匹配
149945,1900076029001527298,东宏时代广场,铜梁区,3211b2ea1d1e228d08e3840a2b089b4b,东宏时代广场,铜梁区,精确匹配
149946,1900076387518050306,融汇半岛五期C组团,巴南区,3ae2bbf831c66e5cce1443991f05c508,融汇半岛五期C组团,巴南区,精确匹配
149948,1900077373166907394,融汇半岛六期,巴南区,2590faf93bc6f0e52a00ddae028bf2c6,融汇半岛六期,巴南区,精确匹配
149950,1900079907172446209,绅亚会青山一期,江津区,f8441ebea9142c4e4778f46b399fb146,绅亚会青山一期,江津区,精确匹配
149951,1900081755287646209,锦尚名苑2号,万州区,a4987370fd3e4e26f96952ffacbbb1a4,锦尚名苑2号,万州区,精确匹配
149952,1900082008288063490,英伦世家,万州区,dc07d169b8df4b1c97bd6b2d882e0448,英伦世家,万州区,精确匹配
149954,1900082469535674370,摩登时代,万州区,cfb70dbba301774837848bc9f776c35f,摩登时代,万州区,精确匹配
149958,1900079238935932929,鸥鹏天境,万州区,cd4b7b9ca96e21dd98b31902892c3e0c,鸥鹏天境,万州区,精确匹配
149960,1900081508532547586,曼哈顿城,巴南区,8bcc8a54453bd03e7778ecba0b533e98,曼哈顿城,巴南区,精确匹配
149962,1900083669832232961,长江天玺,万州区,f26da92b28499d2256385e9979f68c84,长江天玺,万州区,精确匹配
149963,1900086825844666370,水天花园,北碚区,019408e3645a8f47b6c791ce33b29507,水天花园,北碚区,精确匹配
149964,1900087327030439938,高尔夫,巴南区,23ac69f966019e742aeb2fcf32e9277a,高尔夫,巴南区,精确匹配
149975,1900103994129182722,天邻水岸,南岸区,c746cdd87a66d7afbb742327f8e06bef,天邻水岸,南岸区,精确匹配
149978,1900106147707154433,龙脉书院二期,铜梁区,3857996475d321291bad00eb8d6c8df6,龙脉书院二期,铜梁区,精确匹配
149982,1900112100322111490,曦圆青岗湾,巴南区,be50dc1e6324bfcfa8c90a3fcd6aafdc,曦圆青岗湾,巴南区,精确匹配
149985,1900118591947075586,曦圆俊江南,巴南区,3a3bff6e423c39b77d183423fd786585,曦圆俊江南,巴南区,精确匹配
149989,1900360441538736129,财信赖特与山,江北区,549208a9f4998c34c12b5a08b0ff1dc2,财信赖特与山,江北区,精确匹配
149997,1900371221332029441,西派时代,巴南区,ed5ce0aa001eec382203cee6bd8d974a,西派时代,巴南区,精确匹配
149998,1900371643882991617,北滨1号,江北区,5306999c09a854cb31ab588e22f1512a,北滨1号,江北区,精确匹配
150001,1900372891273195522,申家沟二期,巴南区,31ab50b3fb40d241c883c65b69b471f3,申家沟二期,巴南区,精确匹配
150002,1900376308850814977,四面山红枫林度假村,江津区,5338e01e7bf0d345f1a18ddaf8ba608d,四面山红枫林度假村,江津区,精确匹配
150003,1900377377773383682,锦绣新城,铜梁区,a157a592105c5a9b4866af6a2ad753d0,锦绣新城,铜梁区,精确匹配
150006,1900378277539672065,滨湖晓月,万州区,0643c53d48425febba07a6d827813d10,滨湖晓月,万州区,精确匹配
150007,1900378595350474753,云鼎阳光,江北区,ff996ad006021cd0aefceed8e9f36cab,云鼎阳光,江北区,精确匹配
150014,1900383309563621377,浩创半山溪谷,巴南区,e8a4f15b9fbde24aead3e66006b01790,浩创半山溪谷,巴南区,精确匹配
150015,1900383614489522177,几江大院,江津区,086ce009c462c6de70620053d4f13387,几江大院,江津区,精确匹配
150023,1900436045613166594,聚慧雅苑,江北区,ab021bfcee25f0b074fe6a8e10dd4fee,聚慧雅苑,江北区,精确匹配
150031,1900440417034235906,龙都华庭,万州区,1e467ea730e627458c5ec2bf8aed98f6,龙都华庭,万州区,精确匹配
150033,1900446059975340033,亲水湾,铜梁区,4a9dbd0580e4aefad1505a460d3f899b,亲水湾,铜梁区,精确匹配
150034,1900449867669368833,南方上格林,江北区,994c979bed8af17d7c0c475e4574a7de,南方上格林,江北区,精确匹配
150040,1900454315665846273,琨瑜府,北碚区,e97eaacdc06bd69a84e62ffd5117444a,琨瑜府,北碚区,精确匹配
150041,1900454435048321026,锦江半岛,江津区,03bc6006cf9f3c5e8cb41a9ac050f604,锦江半岛,江津区,精确匹配
150051,1900460183279038465,麓铭府,巴南区,07ad2ba52f5d8c56156eb9f15e5ee714,麓铭府,巴南区,精确匹配
150056,1900463261394857985,华美时代城,九龙坡区,ea66585061163c71650a8d035b0890fc,华美时代城,九龙坡区,精确匹配
150057,1900463642342518785,长帆汀蓝郡,九龙坡区,75795954c19539889a30d1adcf810796,长帆汀蓝郡,九龙坡区,精确匹配
150058,1900464520839491585,紫金星城,巴南区,eef49ae11f0e24a24a03942f3539d30b,紫金星城,巴南区,精确匹配
150060,1900467225976827905,金鼎大厦,九龙坡区,aabb1bff95903bc8b73ebfc94bad6c33,金鼎大厦,九龙坡区,精确匹配
150061,1900467270256095233,江畔如歌,江津区,219210a002c70bc32ff6cbb754439315,江畔如歌,江津区,精确匹配
150067,1900470510636953602,金科阳光小镇,九龙坡区,83e600b3040801c66460529fe57d1c1d,金科阳光小镇,九龙坡区,精确匹配
150071,1901444017072041985,铜梁美丽泽京,铜梁区,6da18ee8a972181a7a1b9dc9a2d2a8ae,铜梁美丽泽京,铜梁区,精确匹配
150072,1901444101734068225,南晖苑,万州区,a6c609ad40bb0674404048c2dec1e566,南晖苑,万州区,精确匹配
150074,1901447025327534081,红光景苑,万州区,471eef6a106f4232b395af9030225505,红光景苑,万州区,精确匹配
150076,1901450123492126722,集美湖畔,开州区,a01ac74a050d5c2728e505876e38e5f6,集美湖畔,开州区,精确匹配
150080,1901451701154410497,广卓南山郡,开州区,cb25958d9b9df2ad6d1f4ac8ad0aa7bd,广卓南山郡,开州区,精确匹配
150081,1901458044342956033,清风柳庄A区,万州区,a868d14a5be7aa1974fc5bf8d426a569,清风柳庄A区,万州区,精确匹配
150085,1901459312893423618,亲和佳苑,巴南区,9bb689ec276748272cd8b5bac071a26d,亲和佳苑,巴南区,精确匹配
150089,1901454759200485378,昕晖.滨湖晓月,开州区,8fe1c654920848370c03ebaa6f65b6e1,昕晖.滨湖晓月,开州区,精确匹配
150090,1901455005007671297,昕晖.滨湖壹号院,开州区,efdc3ab08d0a47c1b5333d734991bf94,昕晖.滨湖壹号院,开州区,精确匹配
150094,1901460048347852802,徐家花园,万州区,821dcb82c60b87f10a715c9e0536909a,徐家花园,万州区,精确匹配
150095,1901461250447962113,柳镇一期,巴南区,0d8377fbf006bc8ecb27a27515a64dd1,柳镇一期,巴南区,精确匹配
150101,1901463208743333889,黔江碧桂园,黔江区,bd53ad306b3e5425b6b1b8b130252fc0,黔江碧桂园,黔江区,精确匹配
150105,1901464100158763009,东城国际,开州区,40d54fa0628c10579b45fc51d2ff6381,东城国际,开州区,精确匹配
150106,1901464968543268865,悦朗苑,万州区,046592c8b1878c3633f7359742be4262,悦朗苑,万州区,精确匹配
150114,1901473898082267138,重庆恒大绿洲,九龙坡区,eb74f2b7349c9ff70c817aefe6ba2afb,重庆恒大绿洲,九龙坡区,精确匹配
150116,1901474692097568770,招商锦星汇,江北区,9c50ba5d94d6a9b24cb59d47886eadef,招商锦星汇,江北区,精确匹配
150117,1901475184726962177,伴山国际,黔江区,e824c927764d832b287bb7fe3a6d6cbb,伴山国际,黔江区,精确匹配
150118,1901475285256040450,昕晖依云小镇,开州区,c2f7c865da6ceb14c8ea114457cf6416,昕晖依云小镇,开州区,精确匹配
150120,1901477048507887617,雲璟小区,长寿区,b309ae1267628a10e58aa982ac5bc2da,雲璟小区,长寿区,精确匹配
150123,1901480366177185794,西城佳园,大渡口区,0d47b72e81e5c5d24a46bdef6ed47f31,西城佳园,大渡口区,精确匹配
150126,1901480570766946306,东海假日花园,长寿区,684276e449d9f3b3e904c859f024223f,东海假日花园,长寿区,精确匹配
150130,1901506955707346945,金科云湖天都,九龙坡区,1e3649b00652046e9d872208472e2c68,金科云湖天都,九龙坡区,精确匹配
150144,1901523877295484930,申佳尚元城,渝北区,48c3854072effaff490633a5ec9d3f21,申佳尚元城,渝北区,精确匹配
150145,1901524531011317762,明德学府,开州区,d0514da489c6e7cc6c34b853316b648e,明德学府,开州区,精确匹配
150146,1901524574829211650,龙泉苑,九龙坡区,642fab3b476efbaec06209c6ffacad88,龙泉苑,九龙坡区,精确匹配
150147,1901525754317828098,伟清泊客,渝北区,84ed8c43bc077132cfd0e340f1a63625,伟清泊客,渝北区,精确匹配
150148,1901526009906130945,太阳园,渝北区,6ba375c9a56388bee50221598c3cf230,太阳园,渝北区,精确匹配
150149,1901526436265521154,城南湖畔,开州区,2a7959d424028d3afcd7ba65edd141a0,城南湖畔,开州区,精确匹配
150150,1901529852794564610,依云雅筑,渝北区,70a1f85410501f4cc581e8625f8ffd95,依云雅筑,渝北区,精确匹配
150154,1901528760014794754,林正远景,渝北区,99ee3e72b6908dded12267da88f81616,林正远景,渝北区,精确匹配
150158,1901531235602067458,盛景天下,渝北区,d7dc814c09ae5158bce839f552aea070,盛景天下,渝北区,精确匹配
150175,1901544980323692546,佳兆业滨江四季,大渡口区,c178866cc52bf1f61a917e38735755d2,佳兆业滨江四季,大渡口区,精确匹配
150180,1901553448321478658,九龙壹号,九龙坡区,be5a607c9be2cdc1b69d1beda40bb780,九龙壹号,九龙坡区,精确匹配
150182,1901559804118102017,绿地城际空间站,九龙坡区,cd1e414bda855c3ee5aa3d8b9708e351,绿地城际空间站,九龙坡区,精确匹配
150183,1901560411277160450,铜罐驿·大英雄湾美丽乡村建设项目恒大时代新城 1-1期项目(L26-03-2/05 地块),九龙坡区,6567292dc5ac2de3faf8c8ff74d3b2f8,铜罐驿·大英雄湾美丽乡村建设项目恒大时代新城 1-1期项目(L26-03-2/05 地块),九龙坡区,精确匹配
150188,1901566848749465601,山台山,黔江区,b77b0bb2bad8044a863bddec23f536df,山台山,黔江区,精确匹配
150189,1901627798940741634,锦城嶺上,合川区,f9b414095d7b6506064de13d35cd4d8b,锦城嶺上,合川区,精确匹配
150192,1901626499067211777,涪滨9号,合川区,5ff9df4cf1b59a4b80610d04b17c400f,涪滨9号,合川区,精确匹配
150193,1901635703291179009,众泰翡翠湖,合川区,e5b47fe2702e1e639bc542de944f5759,众泰翡翠湖,合川区,精确匹配
150194,1901652376949813250,安成.美地亚,合川区,de483263796333d47d9843404c4d43a6,安成.美地亚,合川区,精确匹配
150197,1901658510347661313,善信.学府八号,合川区,ddad3872b18a27d5b3e1bf15b7914a52,善信.学府八号,合川区,精确匹配
150198,1901661776942919681,兴盈德润城,合川区,88f5dbb0587d31555c0647079410afe6,兴盈德润城,合川区,精确匹配
150201,1901814765611577345,翠屏南苑,大足区,42c07083a26044e3010602545bb822a9,翠屏南苑,大足区,精确匹配
150208,1901817376066695170,金龙花苑,大足区,b32dcdc821722439ba9924f079105ebc,金龙花苑,大足区,精确匹配
150225,1901914556022538242,蓝光御江台,大渡口区,783c16f9fa78ba451ebf1b62a14d9efc,蓝光御江台,大渡口区,精确匹配
150228,1901918251447631873,水木年华,渝北区,883b46ae309f5cfb77d1e512bbe16060,水木年华,渝北区,精确匹配
150229,1901918459703214081,南方玫瑰城,渝北区,7a1ded6d8c0eb3d16d0701b5a41c99f3,南方玫瑰城,渝北区,精确匹配
150230,1901920791098703873,半山公馆,九龙坡区,c844eacdf261bd5ca9ddd5cbd1bf5efe,半山公馆,九龙坡区,精确匹配
150234,1901922908790210561,保利麓谷林语,南岸区,db25c9676d3f87e1e048b7a5abaeb236,保利麓谷林语,南岸区,精确匹配
150237,1901924072365637633,阿特豪斯,大渡口区,47430d142b3eb1dbbb4d77c220fc1b21,阿特豪斯,大渡口区,精确匹配
150239,1901924681005285378,上邦国际社区A2组团,高新区,6a6e0f437f492d4bbf86aa8535c8691b,上邦国际社区A2组团,高新区,精确匹配
150241,1901924978322718722,陕建·凤栖学府,高新区,fa6183bc9cd5fd473a5d7c0fd8d3253c,陕建·凤栖学府,高新区,精确匹配
150243,1901926850362228737,万州雍江上境,万州区,92a72a051aed35e385106b0be72b3bea,万州雍江上境,万州区,精确匹配
150249,1901925273123569666,万州博翠江岸,万州区,716e2f8100f5ed5605f41f8ae33d6f5c,万州博翠江岸,万州区,精确匹配
150250,1901926188920487938,银河·碧水蓝天（二）5-11号楼,万州区,a02894205f937fffbe15f6d2a7f06244,银河·碧水蓝天（二）5-11号楼,万州区,精确匹配
150253,1901933426494029826,云峰阁,长寿区,837e47edd1ccbc4cdb9dca4b57a46ffe,云峰阁,长寿区,精确匹配
150255,1901937608487747585,圣湖锦,长寿区,bc51fda03bfd7d9cf0b8ae45cd01f8d8,圣湖锦,长寿区,精确匹配
150256,1901937875732021250,民生佳苑,长寿区,13488c52f4e435073209811bcb2c59b5,民生佳苑,长寿区,精确匹配
150259,1901931695714484225,金科博翠山麓,北碚区,e5bbc62d5e88a2f769646cd924789dd9,金科博翠山麓,北碚区,精确匹配
150260,1901940336660201474,保利爱尚里,九龙坡区,ac344c5a785273c650dba527cc0fcfee,保利爱尚里,九龙坡区,精确匹配
150268,1902166362526990338,晋愉林畔,大渡口区,46478ce8338676159d0061af90355bda,晋愉林畔,大渡口区,精确匹配
150269,1902166527103090690,城市交响,九龙坡区,8fe8662e69e1108c4edc8d9f5f7c7e05,城市交响,九龙坡区,精确匹配
150271,1902168688423747585,保利椰风半岛,渝北区,64d553745d0f2af6f3ccdeaa8055dae7,保利椰风半岛,渝北区,精确匹配
150276,1902170071143170049,金科贝蒙湖山,永川区,db855f8c233ee57ab9e05d018f70be02,金科贝蒙湖山,永川区,精确匹配
150281,1902173678022311937,金易星辰,渝北区,f8a8d672b1f0491e8eaedbd65979d7a9,金易星辰,渝北区,精确匹配
150282,1902174105296060417,重庆国际家纺城,渝北区,aef5eceea666a341d8804e44590ef936,重庆国际家纺城,渝北区,精确匹配
150290,1902177745771577345,香缇时光F组团,永川区,de219c4523db0b07ff449e3ad0c12e2c,香缇时光F组团,永川区,精确匹配
150294,1902178378377478145,公园山水小区（一期）,万州区,d3a5f9630bb3df81ced263c763579c83,公园山水小区（一期）,万州区,精确匹配
150295,1902178379728044034,帝景豪苑,九龙坡区,2606e8e39d73ed149ddcae14da4ed06e,帝景豪苑,九龙坡区,精确匹配
150296,1902178608334389250,小小岛,渝北区,77e867a8d594fbbf8b8f03d89640f9c8,小小岛,渝北区,精确匹配
150298,1902180034737487874,龙城首府,铜梁区,b89ed6d89f39097b32fbe4e2b52d3692,龙城首府,铜梁区,精确匹配
150300,1902179525783863298,东海印,九龙坡区,367d07addd45271c811cae18893be673,东海印,九龙坡区,精确匹配
150303,1902182759193788418,竞地阳光,万州区,c985e601964128e51ef78ad18b04ada3,竞地阳光,万州区,精确匹配
150305,1902184537201197058,香堤花径,渝北区,fc23389b4c2fd4690da83f449c5d017d,香堤花径,渝北区,精确匹配
150306,1902184832283066370,碧海新城2期,涪陵区,3bc8954d23f96d2047106f0507a9adb4,碧海新城2期,涪陵区,精确匹配
150308,1902185281392361473,保利心语,九龙坡区,2307ced14b690987265edc538c33f962,保利心语,九龙坡区,精确匹配
150315,1902189884716498946,香怡江山,万州区,c58f015a8864f0ae7004d5f5202183f3,香怡江山,万州区,精确匹配
150316,1902192032707657730,盛景龙庭,南岸区,24bbfac3d0a12bfec516a5a0b791a525,盛景龙庭,南岸区,精确匹配
150317,1902192474695024641,华玉家园,九龙坡区,8fab7e4382d66405023c7de920d4a740,华玉家园,九龙坡区,精确匹配
150322,1902197770045767681,圣湖上城,万州区,575a02f4beb4e9bd861ce0af8f133eb8,圣湖上城,万州区,精确匹配
150325,1902199254888103938,上邦国际社区H组团,高新区,87cf1f7130d73acfb6e793997e7b207e,上邦国际社区H组团,高新区,精确匹配
150328,1902200509509287937,保利金香槟,九龙坡区,4ca0292745374a41a05e261d4fefe2b0,保利金香槟,九龙坡区,精确匹配
150330,1902200908148523010,水韵天成,万州区,111f1d524856474521cc58ac3d494eba,水韵天成,万州区,精确匹配
150332,1902201229092470785,财信时光里,九龙坡区,e3e0505ae2238bea0461b17ff74050db,财信时光里,九龙坡区,精确匹配
150341,1902204805516771330,碧桂园·智慧家,合川区,b82e23d8ee2d4166c4388488a5d33900,碧桂园·智慧家,合川区,精确匹配
150344,1902205426194071553,江城丽景,合川区,db259503a523ee3dae85e4ba16f7bbf5,江城丽景,合川区,精确匹配
150348,1902208339058507777,常春藤,长寿区,5a3b4137a89d0c10bf02f5a363554f1f,常春藤,长寿区,精确匹配
150362,1902220845801947137,保利花半里,九龙坡区,6954301bd88944d29c1a1cd0fd3186d8,保利花半里,九龙坡区,精确匹配
150363,1902253607594377218,观棠晓月,大足区,86163a4d3d128115f516bf05bdf11b16,观棠晓月,大足区,精确匹配
150365,1902255497027665922,碧桂园首府,涪陵区,34164af3db50ff5cad8aca77c059e2d1,碧桂园首府,涪陵区,精确匹配
150369,1902258969127043074,东宏香山美地,大足区,518f390e89170c2a99a398e40e88f91a,东宏香山美地,大足区,精确匹配
150370,1902258975783403521,佳禾园小区,江北区,9d5ec33b7ac73027b3d1248dcfbc55bc,佳禾园小区,江北区,精确匹配
150373,1902260286578900993,重庆恒大林溪郡四组团,九龙坡区,2d9885f34972d50705c9ec1df55fcc34,重庆恒大林溪郡四组团,九龙坡区,精确匹配
150374,1902264952729518081,恒景雅苑,荣昌区,ec36eaa2cf5f55260140d132d2925716,恒景雅苑,荣昌区,精确匹配
150383,1902270359514529794,保利林语溪,巴南区,aa4db14f06f68ce4e67d53da297e53a7,保利林语溪,巴南区,精确匹配
150384,1902269566380032001,屏都小区,巴南区,021fadc08a74bd0036cc8a4f381a522a,屏都小区,巴南区,精确匹配
150386,1902273324023431169,保利香雪,江北区,bdfa574c36f5a476c4ab94275b5701f2,保利香雪,江北区,精确匹配
150389,1902281737382019073,蓝光水岸公园,巴南区,a4e0bd34f8371fa999cf8bac7d4f3b05,蓝光水岸公园,巴南区,精确匹配
150394,1902285467645001730,璧山东林美地,璧山区,19605278044bc46b6ec15d1f92a1e016,璧山东林美地,璧山区,精确匹配
150397,1902287037778509826,温莎名苑,铜梁区,adbf638b925da7a70e3feb962c3aa5f6,温莎名苑,铜梁区,精确匹配
150398,1902287098289733633,金科黄金海岸,涪陵区,cf5091caa4460236509b8efea7fc0753,金科黄金海岸,涪陵区,精确匹配
150404,1902520323452846081,绿地翠谷,两江新区,6036146a48ec2be37dd2fa3539f3101b,绿地翠谷,两江新区,精确匹配
150413,1902533503197528066,合谊理想城三期,巴南区,8be94c7d0fccce437640d16fdb165914,合谊理想城三期,巴南区,精确匹配
150417,1902581449582592002,三千庭,北碚区,e423d6bb4be70e5eb0d14f00648c077e,三千庭,北碚区,精确匹配
150418,1902585122861760513,鲁能北渝星城,北碚区,61b414850396eaed722a58e04ef393e1,鲁能北渝星城,北碚区,精确匹配
150420,1902590899710214146,天曜,北碚区,3f552db7686d29ad7d34bd6f3922b8b2,天曜,北碚区,精确匹配
150422,1902591719424016386,重庆龙珠居项目,九龙坡区,08b6be6f37de8ee32ae5793722be345f,重庆龙珠居项目,九龙坡区,精确匹配
150423,1902592205279608834,两江郦湾,北碚区,31c76ee1fc4d6634d5ca4e5da6e70c45,两江郦湾,北碚区,精确匹配
150428,1902609343490965506,蓝湖星宇,大足区,d43fd48c22be357d8b77bd256c1c0046,蓝湖星宇,大足区,精确匹配
150432,1902614941909532674,光亮天润城,北碚区,6119b507c3efafdfc5afda1080ebf776,光亮天润城,北碚区,精确匹配
150439,1902617248646709249,玉安景苑,万州区,97d23d28c77dd84787ee90bdafbe25f9,玉安景苑,万州区,精确匹配
150440,1902617467023147010,锦绣天城,沙坪坝区,d21cdb33f3ebd6dcae173d6a6ab47cde,锦绣天城,沙坪坝区,精确匹配
150443,1902619232510558209,学林上城,万州区,fcf9bddc908b2179c55f8303dae8fb5d,学林上城,万州区,精确匹配
150446,1902620110541963266,仁有逸景三七,大渡口区,4eddadf2ade30f1fb06e764d211dffbe,仁有逸景三七,大渡口区,精确匹配
150451,1902621787651194881,滨景花园,万州区,92250cc8458bf5779e51fbbdb8779254,滨景花园,万州区,精确匹配
150452,1902621843494158337,大足金科集美江山,大足区,91b06198a996954cb6ee7e2b4ff368f3,大足金科集美江山,大足区,精确匹配
150453,1902622230322233346,大足金科集美天宸,大足区,17d9c5f1e1d31709ba9ce415d0d1c2d7,大足金科集美天宸,大足区,精确匹配
150454,1902623007421906945,春晓丽景,涪陵区,f9addc9e14e2c02c9f588a4f27299d60,春晓丽景,涪陵区,精确匹配
150456,1902623337350053890,秋月小院,涪陵区,899310697fad2c25f8728d2c14ac387f,秋月小院,涪陵区,精确匹配
150458,1902625577133555713,金科涪陵博翠府,涪陵区,b336cbbaf0d93c615a416b9b49dd7552,金科涪陵博翠府,涪陵区,精确匹配
150461,1902630661510807554,重庆二十四城三期,九龙坡区,6f89adac25bd4bd4bac0d4f0f6e82059,重庆二十四城三期,九龙坡区,精确匹配
150462,1902631137547534338,涪陵金科天籁城,涪陵区,df16749d352c9fb17e20133e230218ee,涪陵金科天籁城,涪陵区,精确匹配
150463,1902631588728815617,海怡天·涞滩河,涪陵区,07cbfbb3f06413eec2713893639cdb2c,海怡天·涞滩河,涪陵区,精确匹配
150465,1902634794468917249,希望丽苑,涪陵区,1c0f9e2c4cc7c9ca7385e899a5368102,希望丽苑,涪陵区,精确匹配
150466,1902637619303301121,五星华府,大足区,74c2f452264c65c0ff48a9420bc8603b,五星华府,大足区,精确匹配
150470,1902645799257260033,东方港湾,江北区,6dd74e8a66eeedde3ee4fc94e4dd08e2,东方港湾,江北区,精确匹配
150471,1902645943629398017,菩提印象,长寿区,e26e9f416c9ed65e895f94d8cf6df066,菩提印象,长寿区,精确匹配
150477,1902646959863119873,重庆恒大湖山半岛,长寿区,b269a6cbc843a9e52a8ecb303ad5746d,重庆恒大湖山半岛,长寿区,精确匹配
150478,1902640032278003714,湖榕瑞苑,大渡口区,447d17f8d69716ee1d4c2e8acb4e59e6,湖榕瑞苑,大渡口区,精确匹配
150480,1902647413212856321,渝高香洲,九龙坡区,ead65d2e739a6137894db4dd8044fa88,渝高香洲,九龙坡区,精确匹配
150481,1902647756311117826,盘龙花园,南岸区,6429c1867325860060526f025b058f8c,盘龙花园,南岸区,精确匹配
150483,1902648039229505537,领秀城四街区北区,南岸区,9391e6522f26c970d380adf4d9411b6b,领秀城四街区北区,南岸区,精确匹配
150484,1902648756677787649,领秀城四街区南区,南岸区,c56957b24b1083a427c06b0b4e3a1c31,领秀城四街区南区,南岸区,精确匹配
150486,1902650215800651778,龙溪湾,开州区,f97e4ade3b299d4114e18d40ad0cf9b5,龙溪湾,开州区,精确匹配
150488,1902651498523672578,碧水湾,开州区,a63bc0bebe52ec2aa171c28f549c7c25,碧水湾,开州区,精确匹配
150490,1902652534499983361,圣天湖西岸,长寿区,94b315d46c89c003b29f50732e46aab0,圣天湖西岸,长寿区,精确匹配
150491,1902653394399412226,天工睿城,长寿区,bd33a4d4270bdb753fedab14c9e136d1,天工睿城,长寿区,精确匹配
150493,1902654252386238465,中建瑜和城二期105-1/01地块,巴南区,f1d44ef3e4c52e32fe1bbcc2f31eb0db,中建瑜和城二期105-1/01地块,巴南区,精确匹配
150494,1902654785696186370,壹号公馆,长寿区,10f2494fecfd8451e1f46f238808b811,壹号公馆,长寿区,精确匹配
150496,1902655020027756546,中建瑜和城三期,巴南区,d8db7c5068f78bc64a7851add0e43dc1,中建瑜和城三期,巴南区,精确匹配
150504,1902657687160504321,钻石公寓,巴南区,aa2b362d0916c68c080d1acd75254d68,钻石公寓,巴南区,精确匹配
150506,1902658486330605569,卡萨时光,长寿区,c82b76946415001c7ac5599217393794,卡萨时光,长寿区,精确匹配
150507,1902658513232871425,军干一所,九龙坡区,e08f091bcbb7977ea51064ebcb8fbba9,军干一所,九龙坡区,精确匹配
150508,1902659925962539009,宝润国际,长寿区,dafde3577ecc9087b4bab49f10bccaa0,宝润国际,长寿区,精确匹配
150517,1902662547150880769,桃西雅图,长寿区,951e632a21dc08346ec5eb09d7b5f293,桃西雅图,长寿区,精确匹配
150519,1902662788545658881,寿城水岸,长寿区,287bdfff398884cf5cee8eba25864051,寿城水岸,长寿区,精确匹配
150526,1902688582454099970,美林美院,九龙坡区,7afffdb994c2a55992ee718f8f0f96a5,美林美院,九龙坡区,精确匹配
150530,1902690686841274370,金融街金悦熙城,九龙坡区,d651877c520958563a1a308fce646834,金融街金悦熙城,九龙坡区,精确匹配
150536,1902695543027417089,海伦堡玖悦府,渝北区,300fb1aed47417c7c36b2ac80624473a,海伦堡玖悦府,渝北区,精确匹配
150538,1902704038762135553,翡翠城,渝北区,4b62043a5b3da63ea5dae0d39c5fbeb7,翡翠城,渝北区,精确匹配
150544,1902711614811815937,合川新鸥鹏巴川府,合川区,79efc898599ff3f35917b50182d74a8b,合川新鸥鹏巴川府,合川区,精确匹配
150545,1902712238836170754,汇景新天地,合川区,296d2c54b680ef9e0fd35a6b385413e0,汇景新天地,合川区,精确匹配
150546,1902712456755429378,重庆中核天玺一品,合川区,56fd7c98da3a6ed15cc8fb4a492df22c,重庆中核天玺一品,合川区,精确匹配
150552,1902892444263792642,学苑璟庭,开州区,25d7ca039b10efa065092a2fa5eff353,学苑璟庭,开州区,精确匹配
150553,1902892959936692225,驿鑫广场（玉龙湾）,万州区,40401f0dc56fc84c1beb63969b806c71,驿鑫广场（玉龙湾）,万州区,精确匹配
150554,1902694438839140354,金鼎龙泉,北碚区,a6c03dbb93e063400c455d66362cad4f,金鼎龙泉,北碚区,精确匹配
150557,1902893675073912833,碧桂园天玺湾,涪陵区,ae6730268bf1efb67381dddc52250d28,碧桂园天玺湾,涪陵区,精确匹配
150558,1902894023427637250,鲁能星城五街区,渝北区,044b6f036512fd3e452877dcfb5bf099,鲁能星城五街区,渝北区,精确匹配
150560,1902894397370810370,晏家二期公租房,长寿区,932d23ad9b39b53a99fe332349b1ff35,晏家二期公租房,长寿区,精确匹配
150563,1902895451906916354,蔷薇国际,永川区,2e22c9ac29cee15a5aa86ae2d586e1f3,蔷薇国际,永川区,精确匹配
150565,1902893431267409921,润都7号,渝北区,8e19db0f01bc8952ef6a2e942d29acfd,润都7号,渝北区,精确匹配
150567,1902896248241668098,晏家十一期,长寿区,778534fbdedf68c8b9ff42f5c80341d4,晏家十一期,长寿区,精确匹配
150574,1902898782519836673,江城国际,开州区,f2a3b37d9901d0868a631e3cf0070267,江城国际,开州区,精确匹配
150575,1902898814639816705,晏家八期,长寿区,6d221a1a75d72292b6d4f87df2afc9b2,晏家八期,长寿区,精确匹配
150578,1902899342203568130,晏家七期,长寿区,c57905c9960c653efcf7304c2ddcf17f,晏家七期,长寿区,精确匹配
150579,1902897793687502850,永川万达,永川区,102f2eb2b73fa211801a8219b12c2b9a,永川万达,永川区,精确匹配
150589,1902903367548420098,在水一方,长寿区,040cdb88895610d8a120e7c4f3caf811,在水一方,长寿区,精确匹配
150593,1902905069915750401,晋愉绿岛,大渡口区,986f5e82ccd0236ec782916214a430c0,晋愉绿岛,大渡口区,精确匹配
150594,1902905389567852545,唐仁家苑,永川区,be6d7c86b0350d9960fdbcc9bb99c82b,唐仁家苑,永川区,精确匹配
150610,1902912115738296322,翔龙江畔,南岸区,da8306725361200e0ef4e68532595a39,翔龙江畔,南岸区,精确匹配
150622,1902916804487823362,旺龙湖·揽景,永川区,5368e881ea47c3789c5d66d0ffba63f7,旺龙湖·揽景,永川区,精确匹配
150625,1902920809108619266,中央美地,合川区,5074a4056cfbe4b206a92644c6ea3510,中央美地,合川区,精确匹配
150629,1902923285849325570,渝开发·缘香醍,渝北区,16830e7a664c86af6da51b207bef156c,渝开发·缘香醍,渝北区,精确匹配
150630,1902923430951272449,上品十六,渝北区,07f951fcbaf9bb00d00a2b20f8246318,上品十六,渝北区,精确匹配
150633,1902926505279635457,红岩·山水坊项目,双桥经开区,f1b19f7daa19839ef8f1b81b38dfe7f5,红岩·山水坊项目,双桥经开区,精确匹配
150637,1902930057888677889,电建·泷悦华府,沙坪坝区,93edcbfa362f58f0b0ab4d49291c0d57,电建·泷悦华府,沙坪坝区,精确匹配
150649,1902957129323405313,警察学院家属院,沙坪坝区,168e0598df488435329e1d6ac99fef11,警察学院家属院,沙坪坝区,精确匹配
150650,1902958524852232193,保利康桥,沙坪坝区,cb87d82f65dbf23a26958641de4cb733,保利康桥,沙坪坝区,精确匹配
150655,1902965782965280769,重庆恒大世纪梦幻城,綦江区,470918bfa24c96bc77f21b9dc689b7ed,重庆恒大世纪梦幻城,綦江区,精确匹配
150657,1902966423678771201,万象雅居,九龙坡区,433ff431c48a3d47976bb5fd592bf2a3,万象雅居,九龙坡区,精确匹配
150662,1902968850482094081,金融街融府,沙坪坝区,fefbbd75bd1c7887231e0fd466f7649e,金融街融府,沙坪坝区,精确匹配
150667,1902972298627801089,熙上二期,高新区,26d9d5c77eeb27d897c5172199c97495,熙上二期,高新区,精确匹配
150676,1902978312995495938,爱上东城,涪陵区,bdcb4bce966355d6681f4834da79bc23,爱上东城,涪陵区,精确匹配
150680,1902981928691064834,黛山壹品,璧山区,6fe582cd27daad1b4542d283ea74661e,黛山壹品,璧山区,精确匹配
150682,1902984270702338050,垫江集美牡丹湖天麓,垫江县,ff3367de553e018b259fb0eaefb379ca,垫江集美牡丹湖天麓,垫江县,精确匹配
150686,1902989016435679234,长寿碧桂园,长寿区,0a7ed487daf8919a810f8c33744f6a69,长寿碧桂园,长寿区,精确匹配
150690,1902989978466410498,重庆雅居乐御宾府,大渡口区,28f1e95a7fdfb44ecc9132937588dbf4,重庆雅居乐御宾府,大渡口区,精确匹配
150692,1902986421772115969,豪园,长寿区,dee8151aa3ea8e0316828afc94d0e1a5,豪园,长寿区,精确匹配
150693,1902990371703382018,金鹏湖滨香山,长寿区,13d236873faa453bbef33f9b84374f81,金鹏湖滨香山,长寿区,精确匹配
150695,1902990649878011905,江南世家,綦江区,6e441bee75c918077f70864dec9c971e,江南世家,綦江区,精确匹配
150698,1902991410305327105,水岸雅筑,綦江区,d41b89041794c44e3a5784c7455117ae,水岸雅筑,綦江区,精确匹配
150703,1902992940349677569,梦里水乡,綦江区,55b881eab7daa451f4d83b3bc1c1cce2,梦里水乡,綦江区,精确匹配
150707,1902996212296867841,奥立奥,大渡口区,4c9b0d665aeca752c6fc1d77e9f9d32d,奥立奥,大渡口区,精确匹配
150708,1902996601847046145,北大门,九龙坡区,cdf13ece3677f3d8d0dab2d2f2d89942,北大门,九龙坡区,精确匹配
150712,1903000970072055810,千山美岸,綦江区,de4b857d808d67454cf68349a630f8ca,千山美岸,綦江区,精确匹配
150713,1903001398201442306,千山美林,綦江区,d3e57452e39564f0eb7c109112021510,千山美林,綦江区,精确匹配
150716,1902999442225520642,澜天湖苏格兰风情小镇,丰都县,3ed5861ed45b3a8fa7e4b4a8a2892eb2,澜天湖苏格兰风情小镇,丰都县,精确匹配
150718,1903003918902648833,千山半岛国际A区,綦江区,b210b80a40897e39e298465f5a56ffc6,千山半岛国际A区,綦江区,精确匹配
150723,1903004907680456705,高屋清风场,綦江区,260e40c53959fe92b336b90cc26350cb,高屋清风场,綦江区,精确匹配
150742,1903008718528602114,天宸万象,大渡口区,91ce81f3eea5b4f03a620fbc952bb49f,天宸万象,大渡口区,精确匹配
150743,1903009940102864897,华宇观澜华府,大渡口区,1f7cbeb1af18453b50dc49d2857f1a5c,华宇观澜华府,大渡口区,精确匹配
150745,1903010408598233090,龙洲南苑,巴南区,ed54df58b4b081054affcf64d2fd0d42,龙洲南苑,巴南区,精确匹配
150749,1903012184269414401,金佛东麓,南川区,56246bbd98d3d739718e380e9d468478,金佛东麓,南川区,精确匹配
150750,1903012324577271809,鲁能九龙花园,九龙坡区,4d87f026274be36e0c17f23d6ca7a91e,鲁能九龙花园,九龙坡区,精确匹配
150752,1903012656334135298,华润中心二期商业综合体（二十四城七期）,九龙坡区,9ce55b6104f066e3c3258712641108bd,华润中心二期商业综合体（二十四城七期）,九龙坡区,精确匹配
150753,1903012909451993090,合谊花溪湾,巴南区,8152374ad5925c399b09fb9749f9db7c,合谊花溪湾,巴南区,精确匹配
150755,1903011380762402818,大圆祥双星阳光,璧山区,7e452353b97b694a05cb2235b219e818,大圆祥双星阳光,璧山区,精确匹配
150761,1903015045103509505,大鼎城市广场C区,九龙坡区,74e87016d58310d90327b4b8979130ad,大鼎城市广场C区,九龙坡区,精确匹配
150765,1903015692683075585,奥园誉府,巴南区,8fc7d271d003051b499f1b5f4f2db98d,奥园誉府,巴南区,精确匹配
150772,1903020204172926977,迎海湾,巴南区,2ab38cf7c2d93be1801dc819ded11738,迎海湾,巴南区,精确匹配
150774,1903020730025402369,理工佳苑,巴南区,f78a1fa6aaa0590f06e36ca6f47db6db,理工佳苑,巴南区,精确匹配
150776,1903025531891113985,璧山金茂悦项目,璧山区,c2eca2be759103be48d76b04c7f9f65a,璧山金茂悦项目,璧山区,精确匹配
150779,1903027485023297538,渝能嘉湾壹号AB区,北碚区,a9b342347e9a2d35a82a3a651ecddbcf,渝能嘉湾壹号AB区,北碚区,精确匹配
150782,1903031567221940225,中建南宸玖樾（一期）,巴南区,0f0ed78f64b8730f0510834c81f50bc7,中建南宸玖樾（一期）,巴南区,精确匹配
150789,1903040238446338049,璟昱,荣昌区,2c901da293dd248c0193f7dc667a302c,璟昱,荣昌区,精确匹配
150790,1903041209113141249,中核天玺一品四期,合川区,ce8e6811a453fb1560c81832268b9f68,中核天玺一品四期,合川区,精确匹配
150795,1903270427927404545,润丰水尚,渝北区,09d8796a85e7588fd9153d4049f9c670,润丰水尚,渝北区,精确匹配
150802,1903280548619378689,春森彼岸,江北区,51e4cf8c431f5b02e123e15469ae705d,春森彼岸,江北区,精确匹配
150803,1903282219873361922,皇洋伽蓝艺墅,渝北区,cbc84b82afe377c7e61154ca2efaa5ba,皇洋伽蓝艺墅,渝北区,精确匹配
150806,1903288795141136385,洺悦府,江北区,6d25b0f5908aeb08ee3c2f6a7d3e95c3,洺悦府,江北区,精确匹配
150807,1903289226894401538,璧山时代云著,璧山区,cfa1e5d16b399d52bf856f08db5fec27,璧山时代云著,璧山区,精确匹配
150813,1903400769657135105,朗科文澜里,璧山区,6d88631a77e21795d878b99e60f7755f,朗科文澜里,璧山区,精确匹配
150814,1903636842916241410,北井中庭,巫溪县,bc6e318b0a3f26012bc57b3a9787f0ca,北井中庭,巫溪县,精确匹配
150815,1903443280492650497,狮王华府,合川区,06dabe17cb9cfe93cbfa51d4e8c1a7ca,狮王华府,合川区,精确匹配
150818,1903797287857840129,居然雅素里,渝北区,2c901da693d403e40193dcf74ca35553,居然雅素里,渝北区,精确匹配
150821,1903799597233233921,合景泰富·誉峰（F115-2地块）三期,渝北区,87d5eff67e438ae8e40b75b4b1305856,合景泰富·誉峰（F115-2地块）三期,渝北区,精确匹配
150822,1903799911789256705,国雅蔷薇居,渝北区,51145d458d4fb53739d61bba8c62d9db,国雅蔷薇居,渝北区,精确匹配
150823,1903976706522112002,侨城.和枫雅居,开州区,d3f5da35fa7103146c0c1aaed05ba895,侨城.和枫雅居,开州区,精确匹配
150828,1903981761971249153,万科城二期,永川区,b92bb5349ac4ef0f5caec2406d7fae4a,万科城二期,永川区,精确匹配
150829,1903982527553363970,圣地豪庭,永川区,82380e56209d44dbad7732fe552cdfac,圣地豪庭,永川区,精确匹配
150830,1903985697713184769,凯旋城·幸福里,永川区,4f9a3c2b44b4a7cd9c2f67a8537ea3c3,凯旋城·幸福里,永川区,精确匹配
150831,1903986880087482370,诗韵兰庭,永川区,d6f4811e34e713a3bf87c4728cb26e00,诗韵兰庭,永川区,精确匹配
150835,1903984732616417282,兴龙国际（兴龙湖一号）,永川区,8a4258ea0ea8e151aefb3806bf2c08a1,兴龙国际（兴龙湖一号）,永川区,精确匹配
150854,1904004597158928385,重庆天誉林溪府,璧山区,32aa8094bfc9233de7b49bce90523d33,重庆天誉林溪府,璧山区,精确匹配
150855,1904004930895503361,君鼎疆上,綦江区,abbe2cd6bd8e5d15547f3cd7ed9df186,君鼎疆上,綦江区,精确匹配
150856,1904006533551644673,华宇龙湾,巴南区,11dbbe01d4591d33060d2deac4dfee81,华宇龙湾,巴南区,精确匹配
150857,1904008114653257729,宏福丽都,大足区,dcd02966850d7d65b8e6fea612529be8,宏福丽都,大足区,精确匹配
150859,1904009826109644801,晶山新城际,长寿区,ca6e2099059b8909d280fcadde9aa343,晶山新城际,长寿区,精确匹配
150876,1904055338565263362,环山国际小区,渝北区,bc8dddf31c24070df73ce00afe205269,环山国际小区,渝北区,精确匹配
150880,1904037376521297921,华建畔山广场,巫山县,6871a9e8b43930846e404294fa853913,华建畔山广场,巫山县,精确匹配
150883,1904057440993697793,鹿山府（F35-2-2/F35-1),渝北区,368e2b748831da8caa7ece16d492db49,鹿山府（F35-2-2/F35-1),渝北区,精确匹配
150889,1904062615774978049,盛世融城CD区,大渡口区,f0a1312e854f2438a41f1b864a1dc93e,盛世融城CD区,大渡口区,精确匹配
150891,1904065830386032642,云逸佳苑,长寿区,59a1ae3229e97b94a3cfd702d2b78f03,云逸佳苑,长寿区,精确匹配
150898,1904069809111195649,御江上院,武隆区,2c901da393dc9c8d0193de18cf2a06bb,御江上院,武隆区,精确匹配
150900,1904070930257043458,新加坡生态城,忠县,f99f240a07ddc16d0b65e250107842d0,新加坡生态城,忠县,精确匹配
150904,1904074814128021506,大双品鉴,大足区,b5d4d725b7faf5344a783aab7e90156e,大双品鉴,大足区,精确匹配
150916,1904085039111364610,民生新城,璧山区,b731921a59f18e1adb3623df8670e11a,民生新城,璧山区,精确匹配
150919,1904086800714850305,山前,巴南区,cc4a72c2a6e67b917ad75d7c42d67efc,山前,巴南区,精确匹配
150921,1904087991658110978,联发山水谣,两江新区,82b10f74ae67e4469424499493d72341,联发山水谣,两江新区,精确匹配
150922,1904088759425458178,双岛湖,江津区,2e6889a88007beb18602e79fdbf69d70,双岛湖,江津区,精确匹配
150930,1904099584517234690,华远海蓝城,巴南区,e06f036db343375912aebb5b7f86db47,华远海蓝城,巴南区,精确匹配
150932,1904100504219049986,世豪大厦,江津区,722e8f4b25331d28e0d3e9fc3af6b82a,世豪大厦,江津区,精确匹配
150935,1904103155803512834,江山假日,北碚区,d0763a5595735e7f2202ac1753fb048b,江山假日,北碚区,精确匹配
150936,1904106070979010562,保健雅苑,垫江县,280b3e0aac84dfd0bc388b7dabe381b2,保健雅苑,垫江县,精确匹配
150939,1904120512408084481,幸福家园,北碚区,6b13f6a4f08141325d9837a15e8ee431,幸福家园,北碚区,精确匹配
150942,1904129968021856257,春屿江岸,北碚区,5857518fdcffb0725e526cb3e12b0b5c,春屿江岸,北碚区,精确匹配
150943,1904131687443226626,碧水雅苑,巫溪县,b119359f1b418fb8357c717aaa8fd37c,碧水雅苑,巫溪县,精确匹配
150944,1904134247172431873,合川区邓家院旧城改建项目,合川区,eaa0564e5d3b55e7fd22f7f2243ece95,合川区邓家院旧城改建项目,合川区,精确匹配
150948,1904344003673767937,洋世达世纪广场（中央公寓）,长寿区,e6b8b6c168b6a9812bc1c0d051c5d002,洋世达世纪广场（中央公寓）,长寿区,精确匹配
150949,1904344436433666049,璧山恒大绿岛新城DEF区,璧山区,ca282a740cbe73e647e36dd27d13c3bb,璧山恒大绿岛新城DEF区,璧山区,精确匹配
150950,1904346769813061634,兴茂·晶蓝公馆,九龙坡区,38c7b37c88d21c24202a1a88ee9c8381,兴茂·晶蓝公馆,九龙坡区,精确匹配
150952,1904354858956144642,南滨国际,南岸区,3e8797fe2e831b37b6fb8543c9aa55ed,南滨国际,南岸区,精确匹配
150959,1904362907389313025,嘉陵春和景明,璧山区,9c4fe5119f599de1147abaacf38bd546,嘉陵春和景明,璧山区,精确匹配
150960,1904362509127565314,汇景苑,万州区,4045b768f75909ef37a05c7f94d2b8f7,汇景苑,万州区,精确匹配
150962,1904366421561753601,红河枫景小区,永川区,d103fad9c19fac23bbacfe47829683de,红河枫景小区,永川区,精确匹配
150964,1904367286565650433,南山玉林,万州区,642233c69184c0c5d86bd6d62a5d6cd4,南山玉林,万州区,精确匹配
150965,1904369038497071106,西城美地,九龙坡区,f01df1246e3c95e4cd54b4a52d6ec6b3,西城美地,九龙坡区,精确匹配
150966,1904369603226550273,星光名都,九龙坡区,4d05ff70cf6fb173c8d0f15d8da8aa8c,星光名都,九龙坡区,精确匹配
150969,1904374799205842946,融创璧山城南项目二期,璧山区,aee250f1d2bbf1c4151a80015c46b81d,融创璧山城南项目二期,璧山区,精确匹配
150979,1904378092778864641,秀湖昱景,璧山区,e81c5abeef1f54f4a9f24da31c3373e3,秀湖昱景,璧山区,精确匹配
150984,1904384554653630466,朗诗未来时光,璧山区,1f5aa20a3f306a39a8f40f4ddfa232bd,朗诗未来时光,璧山区,精确匹配
150993,1904415335342063618,融创观山台一期,璧山区,233291dcc30e33414a082656efabb576,融创观山台一期,璧山区,精确匹配
151000,1904421636403019778,渝漆小区,九龙坡区,9d2a81a6dc0a35862b4e457680ec6c0b,渝漆小区,九龙坡区,精确匹配
151003,1904425835966676993,凰腾·西宸昱府一期,大渡口区,f80073861a8a220c4975e12dad421533,凰腾·西宸昱府一期,大渡口区,精确匹配
151007,1904430978531508226,壹号公馆,铜梁区,551643c4761cf6a6080197b44495d9b6,壹号公馆,铜梁区,精确匹配
151008,1904435634972311554,鼎雅心语琚,北碚区,48ba30fea7129a878797fa218074865e,鼎雅心语琚,北碚区,精确匹配
151009,1904447040174080001,招商云邸,南岸区,449f82a45a2383f0a8eb4830076db24d,招商云邸,南岸区,精确匹配
151011,1904450537367977986,璧源大厦,璧山区,5980f358f2df6d4b48449ccbff908143,璧源大厦,璧山区,精确匹配
151013,1904452232932147202,绿地新里秋月台,涪陵区,65cf2b81d96605398648635223da4945,绿地新里秋月台,涪陵区,精确匹配
151017,1904454244977524738,桓大东方国际,璧山区,c8b003d672e660ca22afa196505e7fea,桓大东方国际,璧山区,精确匹配
151025,1904470200000888834,梦湖山庄,铜梁区,f4b058bf6bbce86487979d0524c7dd01,梦湖山庄,铜梁区,精确匹配
151036,1904491504334716929,静观花园小区,北碚区,7fa3f7981224ad30c9599c49fef7bd1a,静观花园小区,北碚区,精确匹配
151037,1904701777024839681,财信城市国际,渝北区,c567e92a11898e7a989b467437fd2563,财信城市国际,渝北区,精确匹配
151041,1904703402070175746,锦绣世家,渝北区,72decf34489506f1589293904d672be1,锦绣世家,渝北区,精确匹配
151042,1904705996243005442,盛世棠城,永川区,fbfe3bb989e4cd6267481fc881dbfb5e,盛世棠城,永川区,精确匹配
151050,1904708622560980993,御墅临枫,江津区,896a7ab165cf979a70d9e255ccb6db39,御墅临枫,江津区,精确匹配
151052,1904705439302348801,青年根据地,永川区,d04b24a469d805c8bd5b51da9a0f700d,青年根据地,永川区,精确匹配
151054,1904709529390477314,阳光城,万州区,643598192ae07fb7a409808ab2a63aaf,阳光城,万州区,精确匹配
151055,1904709618737541121,御华兰亭B,巴南区,04ce9f44433a0e8aec9df24915e86605,御华兰亭B,巴南区,精确匹配
151065,1904715794497859585,蔚蓝时光,巴南区,963945d6da2fe5f648f8e58844499ae2,蔚蓝时光,巴南区,精确匹配
151068,1904723405813248002,国维中央府邸,黔江区,f830715a7ac4af3e8c14d7068bbd1939,国维中央府邸,黔江区,精确匹配
151073,1904733239560302595,森望滟澜湖,永川区,c244a8ee3034e106e7b242577c1f37a0,森望滟澜湖,永川区,精确匹配
151074,1904733270891753473,香溪美林,北碚区,b91c5e2b76cc796123ea014961060968,香溪美林,北碚区,精确匹配
151076,1904734446630662145,缙逸香山,北碚区,16ff910c9838eeecca9076be41895ed7,缙逸香山,北碚区,精确匹配
151081,1904777804501676034,金色阳光,涪陵区,73b28388ce9aba3ad62a38f165b33216,金色阳光,涪陵区,精确匹配
151083,1904778426273689602,金科集美郡,涪陵区,9d3c09b5c53df4bd6247c758f93cd589,金科集美郡,涪陵区,精确匹配
151084,1904781333060579329,武陵山商贸批发城项目（居住部分）,黔江区,2c901da193d3fc010193d8b00fe11603,武陵山商贸批发城项目（居住部分）,黔江区,精确匹配
151087,1904782193371049986,忠州碧桂园,忠县,ae767621bc6d363e8dab9a6fd6079399,忠州碧桂园,忠县,精确匹配
151098,1904791290690596865,和泓江山国际,渝中区,d7b4a72213e27ab64e030eab8f8c4356,和泓江山国际,渝中区,精确匹配
151101,1904793672711335938,美好天赋,江北区,6367b565531eb815120ede7f647d4789,美好天赋,江北区,精确匹配
151103,1904795629693890562,桃源丽景,九龙坡区,b677550735efa607f73c38b15d00112b,桃源丽景,九龙坡区,精确匹配
151109,1904801505850880001,协信云栖谷,渝中区,3a2f555de9c4cc0506a0e46cf3150f08,协信云栖谷,渝中区,精确匹配
151110,1904802626279501825,洺悦芳华,高新区,77120d0a74ed5d543648912d71e7f6d3,洺悦芳华,高新区,精确匹配
151115,1904809067421822978,长帆江岸公馆,渝中区,a434d46c2c71b39483b5ac613b595404,长帆江岸公馆,渝中区,精确匹配
151116,1904816051600683009,碧海新城4期,涪陵区,9bba17bad3d98b5b99e3cf71f8aebba4,碧海新城4期,涪陵区,精确匹配
151123,1904821463133646850,三湾郦景,万州区,adeaff55eaa7096a97caa7d88bb3c08c,三湾郦景,万州区,精确匹配
151129,1904896837112737794,江语庭,合川区,16e98b1645b7b4b459ca58d063d2e659,江语庭,合川区,精确匹配
151131,1905064441626406913,兴茂逸园,万州区,d31f9eb14bcc0d7e8b70ce12cbe2c425,兴茂逸园,万州区,精确匹配
151132,1904898535365455874,嘉汇苑,合川区,3ef19c42aae64d13a38cd549fd78dc59,嘉汇苑,合川区,精确匹配
151140,1905099267368726529,桃源印象,渝北区,45408dd6bb0ba7b83cbdffecd1bd4137,桃源印象,渝北区,精确匹配
151145,1905100828203462658,浩博天地,渝北区,876472f00e026b42f092a85c87886206,浩博天地,渝北区,精确匹配
151148,1905138478717251585,逸美兴悦B区,巫溪县,02533a720feab47537b1c39bd0f45b06,逸美兴悦B区,巫溪县,精确匹配
151149,1905090384818515969,凤竹苑,永川区,45d6766b947474fb2a9f326251faed78,凤竹苑,永川区,精确匹配
151156,1905145016370507777,景尚雅苑A.B.C栋,万州区,c4872dcc58ec19ac99b5a5513035b0bf,景尚雅苑A.B.C栋,万州区,精确匹配
151159,1905144192521121794,阳光城翡丽云邸,綦江区,1dde5efd0a3593b15607847868212437,阳光城翡丽云邸,綦江区,精确匹配
151160,1905152738801397761,阳光100城市广场,江北区,b318933cb6a9b3eec48da8ffc3efc0d2,阳光100城市广场,江北区,精确匹配
151162,1905159018492375042,凌云阁B区,永川区,8e0c5227fd0b4f11a7b9e89aa0d505ff,凌云阁B区,永川区,精确匹配
151165,1905159804836294658,惠都芳庭,綦江区,e8c07039c2414c9f6fe4e1a1772fe5ff,惠都芳庭,綦江区,精确匹配
151166,1905160358484422658,祥和绿洲苑,綦江区,bd16fe12d3cc9bfd44aefe64aece9eaa,祥和绿洲苑,綦江区,精确匹配
151168,1905163533169897474,湖山原著,开州区,898c5d60242d8b6a89eac763243c3ec1,湖山原著,开州区,精确匹配
151185,1905180192794390530,蓝山郡,涪陵区,05f34e88dd4dc89c4e147a329f76587a,蓝山郡,涪陵区,精确匹配
151193,1905426116485492737,忠县恒大悦珑湾,忠县,38e5596554e377b967779f24178874dd,忠县恒大悦珑湾,忠县,精确匹配
151194,1905426717294374914,天邻风景小区,渝北区,84e8f26c77861a215da350e3d16001d2,天邻风景小区,渝北区,精确匹配
151199,1905441377091497986,林江缘小区,綦江区,1fc34eb563bdab23bc72f970f0f37eda,林江缘小区,綦江区,精确匹配
151202,1905445170835271682,嘉惠新城,綦江区,3aa789a102411e722783a40834cc20cc,嘉惠新城,綦江区,精确匹配
151203,1905445554836385793,御景江湾B区,綦江区,1e60f1f69717f665a7aff2498a204765,御景江湾B区,綦江区,精确匹配
151205,1905448495039295490,绿地城二期,大渡口区,d8db0ca43f73d382a5cc0251d2b1880e,绿地城二期,大渡口区,精确匹配
151211,1905457766325989377,南滨六号,南岸区,235658402caff1682a9ae66efbf86868,南滨六号,南岸区,精确匹配
151212,1905458341549617154,绿地城一期,大渡口区,2638d83ade67f75504c35769cd9fdeb1,绿地城一期,大渡口区,精确匹配
151213,1905459311226564610,佳兆业滨江新城墨香庭,大渡口区,a42978253c09d25a9288004606a0ac10,佳兆业滨江新城墨香庭,大渡口区,精确匹配
151219,1905492412564680706,君临天下,涪陵区,2139b23911b143b9a4557588909cc2c6,君临天下,涪陵区,精确匹配
151221,1905503768399491074,阳光丽都,铜梁区,e99fb4e60ca2804b45185e0d91284fd3,阳光丽都,铜梁区,精确匹配
151222,1905507015705145346,东本依山郡,巴南区,ffe13fe63c4a06e9e0470ed9f6af3570,东本依山郡,巴南区,精确匹配
151224,1905515171218894849,星城原麓,璧山区,b57b1ca5d12ffcd5e910ce17a6995806,星城原麓,璧山区,精确匹配
151227,1905519177328668674,盘龙金茂悦项目,九龙坡区,ef10790bdf34f766d275350f640799ea,盘龙金茂悦项目,九龙坡区,精确匹配
151231,1905523907115266049,同天观云邸,九龙坡区,45d760a1597631697b05f1334e1574e3,同天观云邸,九龙坡区,精确匹配
151239,1905541128218652674,御墅林枫,大足区,fe08f20fcb8f0e636049042e6c7e9bad,御墅林枫,大足区,精确匹配
151241,1905542568211296257,重庆中央大道,江津区,6c740c5098e3657e7199507dc52f32a0,重庆中央大道,江津区,精确匹配
151242,1905542868385050625,安泰佳苑,渝北区,029f93eb6c94af1cf7b19c0260067b1e,安泰佳苑,渝北区,精确匹配
151243,1905545655034490881,学府雅苑,綦江区,8ea976cec5f04475c84041ff2797a973,学府雅苑,綦江区,精确匹配
151244,1905550699691683841,绿城上岛,璧山区,061f133cb9a82115eda0bdf4ac9d800d,绿城上岛,璧山区,精确匹配
151248,1905555182081454082,云湖十里E地块,璧山区,1c1bf49f2169c4a84a5d64aa2b3b013a,云湖十里E地块,璧山区,精确匹配
151256,1906515639692861442,重庆奥园玺樾九里,巴南区,4b1f919c4c9e9b6df9864e32f7ec8bc5,重庆奥园玺樾九里,巴南区,精确匹配
151259,1906521473831313410,泽胜温泉城,涪陵区,045bfa6903909e0526bcc733b330aa74,泽胜温泉城,涪陵区,精确匹配
151260,1906521760281305089,太极新村,涪陵区,06ee783a5f67c3f52dbf012f2ec73e79,太极新村,涪陵区,精确匹配
151262,1906518307001769985,博宏·小康家园,黔江区,56028e728d89e4647e0b6c5c2ec123ae,博宏·小康家园,黔江区,精确匹配
151263,1906518879864004609,远通国际,涪陵区,3ce43884fd5a277e52d811e869a97083,远通国际,涪陵区,精确匹配
151268,1906531191807188994,南山悦府,开州区,196985305457398ec7760eaccccd790f,南山悦府,开州区,精确匹配
151272,1906550291560308737,嶺秀江山小区,黔江区,c6b05e427ad932e88c303ca0c1b0cb7f,嶺秀江山小区,黔江区,精确匹配
151273,1906552971871559681,中昂黔州府,黔江区,db25aba8218f2b82302b6913240da9ce,中昂黔州府,黔江区,精确匹配
151276,1906592990770405377,新民雅居,南岸区,e8f900f9d8bf2292caf0f7738c7f1b3b,新民雅居,南岸区,精确匹配
151277,1906598734488051713,海语江山,江北区,6c9679b0cb66a9dc4790c5748976f71f,海语江山,江北区,精确匹配
151279,1906605640434753538,湿地溯园二期,璧山区,41262af83ce38aee420ac12d216dab6e,湿地溯园二期,璧山区,精确匹配
151286,1906643558847127553,金山水岸,璧山区,251afa89584ded081155fd7fe678ec1f,金山水岸,璧山区,精确匹配
151289,1906666743357415426,同润美地华府,黔江区,726799b1c8f1e28b4ced532a5b859a39,同润美地华府,黔江区,精确匹配
151291,1906878690984148993,旭日湖畔,开州区,24fd3cbba5bcda2de4ca3faa1f3dcead,旭日湖畔,开州区,精确匹配
151294,1906879377650434049,第一客栈,开州区,22d29d57436931e00e3139d13a1a3567,第一客栈,开州区,精确匹配
151300,1906888134363136001,梁平璟樾府,梁平区,ad1c9cd2302050429057901bcdbde422,梁平璟樾府,梁平区,精确匹配
151305,1906905110963765250,德邦广场,涪陵区,a46449407afdb2d9ada574f85c19210d,德邦广场,涪陵区,精确匹配
151306,1906907566279966722,曦圆廊桥,巴南区,d7e5514e330164b3e0a2fba5d8c48482,曦圆廊桥,巴南区,精确匹配
151315,1906969241892859906,璧城公馆,璧山区,de7600ba2b370c92a17e4cb38def5e50,璧城公馆,璧山区,精确匹配
151322,1906953051795533825,未来映象,涪陵区,bb1aaa386e122d4be5a5e89c072295d9,未来映象,涪陵区,精确匹配
151328,1906990930122944514,龙都郦景,涪陵区,71b5185c22785f31bba2de94db019446,龙都郦景,涪陵区,精确匹配
151330,1906991878547353601,瑞豪财富广场前期物业服务项目,长寿区,a75efd80e6bc78098ba522493aedfd49,瑞豪财富广场前期物业服务项目,长寿区,精确匹配
151335,1906994356890284033,紫境府,南岸区,4787148365da0e239ffc69a2a4b496c6,紫境府,南岸区,精确匹配
151336,1907266787571847169,翰林紫苑,涪陵区,25cf466bf80feec1f21a734b788e11bb,翰林紫苑,涪陵区,精确匹配
151358,1907315811763003393,阳光烟雨,南岸区,323188c0316d5acb55707dc65a4d7fe1,阳光烟雨,南岸区,精确匹配
151360,1907326606236360706,北碚岩湾片区危旧改工程,北碚区,6adc3e092e3b535150096866c64fc124,北碚岩湾片区危旧改工程,北碚区,精确匹配
151364,1907340230904422401,新世纪年华小区,涪陵区,d62bebe2d047a533229e457e3b6f288f,新世纪年华小区,涪陵区,精确匹配
151365,1907345428305584130,荣昌恒大中央大街,荣昌区,ea5f3f773c205ab8b6e21f42217c08f6,荣昌恒大中央大街,荣昌区,精确匹配
151372,1907600659778019330,金色家园,铜梁区,b5daed12c15425140847ea055e02fe59,金色家园,铜梁区,精确匹配
151383,1907605717181702145,同诚·泰吉·悦府,大足区,a434da78e66ce8e2350f4368e4c9a80b,同诚·泰吉·悦府,大足区,精确匹配
151384,1907609400724332546,欣光松宿,渝北区,d49e9424f9292553bcb91c8db2c70d49,欣光松宿,渝北区,精确匹配
151385,1907354426572447745,拓创·家,涪陵区,af9dd746650c93d586e474dd572d6182,拓创·家,涪陵区,精确匹配
151386,1907354554674880513,东紫苑,涪陵区,1b20d47eb872d8e9474d1a29a123075d,东紫苑,涪陵区,精确匹配
151389,1907610424495218689,名郡.橘城首座,忠县,1b55dcce3677e5e952adb7b1a430927d,名郡.橘城首座,忠县,精确匹配
151390,1907610741915951105,旺龙湖·雲景,永川区,cba00f7d10db671b153b0b1a6e5e604d,旺龙湖·雲景,永川区,精确匹配
151391,1907611619687309313,黄龙花园,渝北区,d4e73e142fce6fbb3ff86f781b29f4af,黄龙花园,渝北区,精确匹配
151394,1907612969783435265,恒大香山华府（北区）,高新区,1ed60551e41b19a77f7136f564367948,恒大香山华府（北区）,高新区,精确匹配
151395,1907615181796450305,阳光丽苑,江北区,620f07a7efe5b732ea95bb04430db125,阳光丽苑,江北区,精确匹配
151399,1907619894440927234,绿地海外滩,江北区,cf499cfc2c8a4dcac6ce968bbe6eb81f,绿地海外滩,江北区,精确匹配
151402,1907621804757655554,亮达兴隆湾小区,綦江区,c3468b4d62b594ef52540d0269022810,亮达兴隆湾小区,綦江区,精确匹配
151403,1907618260646273026,奥体·中央公园,涪陵区,d67b942d66f92d4f13f01fb631eef53c,奥体·中央公园,涪陵区,精确匹配
151407,1907623632467566593,融创嘉德,渝北区,5c373debac7cb26501f4719bd3f43433,融创嘉德,渝北区,精确匹配
151408,1907624151969865730,青河世家,渝北区,d8fcab3dd2c4f8a727d02aa13e6f3462,青河世家,渝北区,精确匹配
151437,1907650175646474242,恒景天苑,九龙坡区,2c0ee30cf56dc937f8af364d0b3e066e,恒景天苑,九龙坡区,精确匹配
151439,1907653175370752001,青国青城,九龙坡区,155492232ac28c70dc8b3745e8f64e32,青国青城,九龙坡区,精确匹配
151449,1907686149524987906,双德名都,綦江区,9b66056a4ee790ecc9e917ecb7bb2caf,双德名都,綦江区,精确匹配
151461,1907701898834518017,重庆奥林匹克花园,两江新区,54850976716b4a99e8654a5dda803088,重庆奥林匹克花园,两江新区,精确匹配
151479,1907710051257065473,浣溪锦云,巴南区,545d0b1ffa9c574cfa20dfb2e86b309b,浣溪锦云,巴南区,精确匹配
151488,1907716680354537473,春语江山,渝中区,c70c9f0bd482f22b31c70266a93643dc,春语江山,渝中区,精确匹配
151489,1907719095153762306,雅豪苑,梁平区,1f13aa30448fe0e6802f261c0148a91c,雅豪苑,梁平区,精确匹配
151490,1907726718892679169,总部城FG区,渝中区,dbe13c9c319d95ba39e88a8ae487b162,总部城FG区,渝中区,精确匹配
151502,1908043398093139969,嘉康花园,北碚区,8a205091976853708afc09a40dc26a7b,嘉康花园,北碚区,精确匹配
151506,1908081184464629761,静江花园,大渡口区,3f1a038b7b87a5e5311836215cf5b0bb,静江花园,大渡口区,精确匹配
151515,1908872345697562626,致悦.瞰山府,渝北区,1b82f1488e77c4903425b95269c1d9d3,致悦.瞰山府,渝北区,精确匹配
151516,1908884465977831425,雅居乐常乐府,两江新区,20f438fa00c45ea09161f2931118230f,雅居乐常乐府,两江新区,精确匹配
151517,1907776864716234753,渝铁家苑,两江新区,5e630f0d971c13282e41f90aa3b7db58,渝铁家苑,两江新区,精确匹配
151529,1909067850864046081,都和广场,巴南区,7d19ddda5920312d17da31f15025c5b4,都和广场,巴南区,精确匹配
151532,1909076146287194114,金隅新都会天穹,南岸区,0b872ad8e0d3b4b1a2b9285f4ba857cc,金隅新都会天穹,南岸区,精确匹配
151543,1909095923521073154,荣盛锦绣南山,巴南区,6095a169df70fa3358eb0ca63c699ee9,荣盛锦绣南山,巴南区,精确匹配
151545,1909098201451769858,保利港湾国际,九龙坡区,4b62ee7385b13f64ca2753b68c9bce75,保利港湾国际,九龙坡区,精确匹配
151547,1909125562020835329,曦圆丽景,巴南区,ef5ebda766f83ca554f8f745035421eb,曦圆丽景,巴南区,精确匹配
151556,1909149174132027393,上海城,南岸区,511ebd5469675968462da0821cbae6cf,上海城,南岸区,精确匹配
151559,1909207044865306625,洺悦城龙洲湾,巴南区,b71130fe293a0f62b039c60fca5a4b28,洺悦城龙洲湾,巴南区,精确匹配
151561,1909225935142301697,中交 · 中央公园(C94地块),两江新区,e37f23b942fee166f1eda2b6695ecdea,中交 · 中央公园(C94地块),两江新区,精确匹配
151562,1909226155099992065,中交中央公园C98-2地块、C92-1地块,两江新区,c874f3f8255710b231f15ada76b3fd50,中交中央公园C98-2地块、C92-1地块,两江新区,精确匹配
151570,1909422673811648513,新澜·康桥名邸,双桥经开区,ea0fabc4d132577ccbb7e23922dc2b5e,新澜·康桥名邸,双桥经开区,精确匹配
151572,1909227445532143617,中交中央公园(C91 - 1/02地块)项目,两江新区,7ae3a6eff72ac0d656cb1a5b34d16866,中交中央公园(C91 - 1/02地块)项目,两江新区,精确匹配
151582,1909439073083109377,玫瑰山庄,南岸区,99deb04c37f5bcd1f8a34ec3363b5d38,玫瑰山庄,南岸区,精确匹配
151586,1909451470690758657,太阳城A区,江北区,1ae1f4f0b05be4a4d2d67d1de677fdde,太阳城A区,江北区,精确匹配
151594,1909504145125978113,长生雅苑,南岸区,f0abc4147bc7ad03d4b2c3db6e5d1a64,长生雅苑,南岸区,精确匹配
151607,1909574552206094338,重庆公园九里C69,两江新区,a11622ed33847216392e2e10b99cafd2,重庆公园九里C69,两江新区,精确匹配
151613,1909608315875160066,中交·中央公园C103 - 1/04地块,两江新区,df25eec0192468167df8e77d0b0f0996,中交·中央公园C103 - 1/04地块,两江新区,精确匹配
151621,1909791931410345985,蓝光雍锦湾,涪陵区,b2ca42cfbc4c20dbb41f68694ec341f6,蓝光雍锦湾,涪陵区,精确匹配
151622,1909797411578900481,清河尚居,渝北区,57a75b39cd20691acf8523e78011dd25,清河尚居,渝北区,精确匹配
151632,1909807868956012545,水木香榭小区,渝北区,ad299434d320eeb88e70cdd925d8de4a,水木香榭小区,渝北区,精确匹配
151633,1909808740293308418,泰和苑,渝北区,210f997c1e7a7ac2963ab527e62b0293,泰和苑,渝北区,精确匹配
151638,1909815478191026177,中建清能悦和城,巴南区,57322505d650019c7ef29ba6b72e6a7a,中建清能悦和城,巴南区,精确匹配
151647,1909826721358442498,城市假日,渝北区,b639933d320a562210e34b38dd993b05,城市假日,渝北区,精确匹配
151652,1909853790763118594,申烨太阳城三期,巴南区,55834f70d20a840aff63bd5871614a04,申烨太阳城三期,巴南区,精确匹配
151654,1909856908770963457,重庆棕榈泉国际花园,两江新区,96d8c49e68f9f14189626b10ae7ac004,重庆棕榈泉国际花园,两江新区,精确匹配
151657,1909858154319867906,锦绣天台,綦江区,6449424b54dff95f25b9d8c1d38765d9,锦绣天台,綦江区,精确匹配
151670,1909863670135812097,寓乐圈,九龙坡区,6c2029d722d73f49f8a7e9dd6a687176,寓乐圈,九龙坡区,精确匹配
151674,1909867195397992449,清和源,渝北区,9f80b5ce8fcd9699ced17013484bfbec,清和源,渝北区,精确匹配
151684,1909870637822668801,乐信爱琴屿,渝北区,82ede5f201f0d96cfe1b509b59784224,乐信爱琴屿,渝北区,精确匹配
151685,1909870864407359490,空港金嶺地,渝北区,0fbfe56315a399ff28f433a7312edaf7,空港金嶺地,渝北区,精确匹配
151688,1909870186830131202,大成家园,荣昌区,34ce1dca53c21455a0c4f559676b3941,大成家园,荣昌区,精确匹配
151690,1909872436851929090,富悦.麓山别苑,渝北区,1e156d1a5c6495f4132917b007400973,富悦.麓山别苑,渝北区,精确匹配
151691,1909872623834001409,风格嘉居,涪陵区,b615da00a9968c64cfabbdf8b4ef7156,风格嘉居,涪陵区,精确匹配
151700,1909876564894314498,在水一方,垫江县,ef19bc31204b59e86f4d7ff9816d99ec,在水一方,垫江县,精确匹配
151702,1909877903527407617,北城景苑,梁平区,fe320ce76c84dee997900cf32ee97339,北城景苑,梁平区,精确匹配
151703,1909879213999943682,重庆黛山华庭,璧山区,e3a8a2122b26ac242b72832b18d83b07,重庆黛山华庭,璧山区,精确匹配
151708,1909888426914508802,融创云湖十里三期,璧山区,61ce6511b2603be341230cdf24214922,融创云湖十里三期,璧山区,精确匹配
151718,1909895034759442434,龙山悦景,渝北区,f92b17e5f783660d2e3636af7ace5598,龙山悦景,渝北区,精确匹配
151720,1909877442753753090,香缇漫城,永川区,7029acf3ec3cde0ba0376c7b54bc3953,香缇漫城,永川区,精确匹配
151721,1909896068701515778,佳仕丽,渝北区,31d9a05fdc37bf32b3285cf5b5645174,佳仕丽,渝北区,精确匹配
151725,1909899029506846721,重庆璀璨天城C地块,渝北区,a92662e61a5161e8d1130abbdcb88282,重庆璀璨天城C地块,渝北区,精确匹配
151726,1909899183727210498,重庆世茂璀璨天城B地块,渝北区,efb45dbdc5f7d7a6a83dd06620266327,重庆世茂璀璨天城B地块,渝北区,精确匹配
151727,1909899774130024450,重庆世茂璀璨天城D地块,渝北区,adc7394766933089cb2be4bd568a760d,重庆世茂璀璨天城D地块,渝北区,精确匹配
151731,1909901259538591745,香城故事,渝北区,77339ca842f8a04774a27f1d6a825f7e,香城故事,渝北区,精确匹配
151733,1909903001395294210,海成云沐,渝北区,c35345550556d64b5b2d8799be042aaf,海成云沐,渝北区,精确匹配
151734,1909907153341018114,新悦佳苑,渝北区,547f6bf39d145da0c02557458d3b786f,新悦佳苑,渝北区,精确匹配
151738,1909909209086849026,城市庄园,渝北区,3d544b0b7f1428dd7e5186a206e42a07,城市庄园,渝北区,精确匹配
151741,1909903764376940545,中建瑜和城（一期）,巴南区,9f8314540c76570aa24a99696e366157,中建瑜和城（一期）,巴南区,精确匹配
151743,1909904908012646401,香河国际,九龙坡区,76bb04c643abb1e9d89e22837c31c8cd,香河国际,九龙坡区,精确匹配
151746,1909948372049928194,爱加橄榄园,渝北区,53ba7052316c834e22e8c3ff1539733b,爱加橄榄园,渝北区,精确匹配
151747,1909950716066078721,爱加欧郡二期,渝北区,5e11530ccd82544dc66889a36af5397c,爱加欧郡二期,渝北区,精确匹配
151748,1909951093863817218,公园时光,渝北区,a4e8dc8db9f5b2918ac35eaf8b5f08ce,公园时光,渝北区,精确匹配
151753,1910146062524293122,协信天骄名城一期,高新区,56288d64eb932ed790d7ce8038872e16,协信天骄名城一期,高新区,精确匹配
151757,1910153327725715458,保利大国璟二期,巴南区,c0fbcfb36534c461617d5096356a38ce,保利大国璟二期,巴南区,精确匹配
151758,1910154532065583105,海德盛世A区,渝北区,4383d621c418207fb1b971191a2dcd1f,海德盛世A区,渝北区,精确匹配
151759,1910154759740792833,重庆玖著天宸,北碚区,c4165c0a3a53beef5efb1463cf2b1515,重庆玖著天宸,北碚区,精确匹配
151761,1910155353801039874,泰硕西苑,渝北区,dbf2cbe3d89985f22dda6a7159cbc16b,泰硕西苑,渝北区,精确匹配
151762,1910155809793187841,泰硕西苑B区,渝北区,b6457bc6f0628a4e3cc0bf5b758171d7,泰硕西苑B区,渝北区,精确匹配
151768,1910160934301540353,重庆恒大御澜庭,璧山区,4f3ff0c5b12220c9d6ebb288b0a56fbf,重庆恒大御澜庭,璧山区,精确匹配
151769,1910163888001720322,融创玖玺台,南岸区,50f2d95613ef6bc858535af4ecd9c8c2,融创玖玺台,南岸区,精确匹配
151774,1910170723479920641,戴斯大卫营,武隆区,54d02a8c265ee961d6a73ae43dc3e8f2,戴斯大卫营,武隆区,精确匹配
151777,1910173865365938178,漫山云筑,武隆区,91ce11ca815afdfc678732bd8a496f02,漫山云筑,武隆区,精确匹配
151781,1910180060185174017,西宸原著,涪陵区,cc04f3d0ed32eaad87904ce86c9c8f18,西宸原著,涪陵区,精确匹配
151783,1910214607706726402,香城雅郡,渝北区,96c38e45b81449559a67b1ca14d76809,香城雅郡,渝北区,精确匹配
151786,1910215606374703105,公园置尚1881,渝北区,b4476b133bcd71d84a6953c0d58d4340,公园置尚1881,渝北区,精确匹配
151787,1910215808716316673,同茂怡洲,渝北区,a3ff958ef49bba02ac45a92342f27f51,同茂怡洲,渝北区,精确匹配
151788,1910217656617607169,政馨苑,涪陵区,25fd091afe5f7c57cdd4a4ca4f4e5201,政馨苑,涪陵区,精确匹配
151793,1910215047190093826,富都广场,渝北区,546e42e9544a297f88858e92cb07d099,富都广场,渝北区,精确匹配
151794,1910231698094628865,阳光绿洲,南岸区,b5e0b0ac330a69e61af637cbbf57ad35,阳光绿洲,南岸区,精确匹配
151795,1910232262450814978,御景上院,梁平区,846bc0471e22715b09cb08d5f1206c10,御景上院,梁平区,精确匹配
151802,1910259688652349441,香雨蓝苑,南岸区,44f9b58a917f5550fb627cb5b8dbc27d,香雨蓝苑,南岸区,精确匹配
151805,1910501141790007298,金桂花园（格林上城）,渝北区,5d20b5ce2186b010e8e2cf93471b81e7,金桂花园（格林上城）,渝北区,精确匹配
151808,1910502403201769473,新天地,渝北区,f21b37cc92284f86569218783b6606c0,新天地,渝北区,精确匹配
151810,1910502913170415618,御城华府,渝北区,0a7d4ddd99fe362d2761361210d6a666,御城华府,渝北区,精确匹配
151813,1910505655578337281,宏宇仙都,武隆区,01d8210c685f30535777d9caaed3fdf4,宏宇仙都,武隆区,精确匹配
151815,1910506196891017217,荣鼎国际,两江新区,6fd6abd99df3624dd755af6d5c112562,荣鼎国际,两江新区,精确匹配
151817,1910508127654977538,佳木春晓,武隆区,13efb346ec48fba089d581aa0be2318c,佳木春晓,武隆区,精确匹配
151821,1910511818319536129,民光圣景苑,渝北区,bdd30910c9fbe2c3d3e1c8918a623791,民光圣景苑,渝北区,精确匹配
151823,1910512414091059201,鹭岭尚品,渝北区,b00b6a3e412792149b28cb74d42f6250,鹭岭尚品,渝北区,精确匹配
151835,1910538117922627586,欧能壹号,巴南区,9c9314d8059d7e726ab03e407e76815a,欧能壹号,巴南区,精确匹配
151836,1910538688771596289,鸿亨九棠府,垫江县,37e0aca16668889da73ce9b2198b92f4,鸿亨九棠府,垫江县,精确匹配
151839,1910525605047115777,丹香御府,垫江县,c13268d845e105cf597da175430aa6eb,丹香御府,垫江县,精确匹配
151846,1910594583492763650,水晶城堡,渝北区,b87014c1cd6fb04f1b097ee3c8d7baa0,水晶城堡,渝北区,精确匹配
151848,1910595576976580610,丽水南岸,垫江县,252bfe53c9163cd6aacbbb84a4eb1765,丽水南岸,垫江县,精确匹配
151854,1910593486082482177,垫江悦山湖,垫江县,ab94d68451ac93253947280d129dbcab,垫江悦山湖,垫江县,精确匹配
151857,1910602874885185538,观山水,涪陵区,130e3c62f652d53658e33ac1ecdf7917,观山水,涪陵区,精确匹配
151858,1910603299281641474,武夷滨江,南岸区,5d4c6eb19cf2553f46575298a7109866,武夷滨江,南岸区,精确匹配
151860,1910611557220294657,树新雅苑,江北区,b1fbd7cfbff98ab573e5a02ee6567783,树新雅苑,江北区,精确匹配
151869,1910629468160860162,东山名都,梁平区,1338b48d9b3bd85bac629a6d9452cc9c,东山名都,梁平区,精确匹配
151873,1910877133079515138,盛世和丰,丰都县,003812c1e9abf4f3d2966812397e6641,盛世和丰,丰都县,精确匹配
151875,1910886634637692929,香缇时光E组团,永川区,138a5f91988d6ab92e59e118b539285b,香缇时光E组团,永川区,精确匹配
151877,1910889189027549186,俊豪文昌里,永川区,fe3d4d4a25531ce780d9eaedb3c217c7,俊豪文昌里,永川区,精确匹配
151878,1910889980090060801,澜天湖达沃斯滑雪小镇,丰都县,3fd304180aed098fd21d4530f039bc92,澜天湖达沃斯滑雪小镇,丰都县,精确匹配
151879,1910890935875473410,永川桂语元山,永川区,b912965dae69493f077262e559e5e5cd,永川桂语元山,永川区,精确匹配
151882,1910892101078290433,碧桂园,丰都县,81bf1770012e3688ebd9584ec587a7c2,碧桂园,丰都县,精确匹配
151883,1910892962215038977,正宏花园二期,綦江区,da80cc2471a0d2c13bda4c30f724ef3c,正宏花园二期,綦江区,精确匹配
151888,1910943056494792706,佳华雅苑,垫江县,82ba27934c61adf9737c497e94168ff8,佳华雅苑,垫江县,精确匹配
151889,1910944196603088898,海成·江山赋,万州区,642800279788a6b85594d8b3bacc2107,海成·江山赋,万州区,精确匹配
151891,1910944435586142210,凤城天街,垫江县,caa425f4f46daee07ed57049a19cff2a,凤城天街,垫江县,精确匹配
151892,1910945949943795714,滨湖郡,垫江县,4cafda4a91c4bc8a1edb3478d06ffd45,滨湖郡,垫江县,精确匹配
151893,1910946384729542657,金科集美江悦,云阳县,44a4bd9653093278e7ebebc4478bc7f5,金科集美江悦,云阳县,精确匹配
151896,1910950513254273026,桂东雅苑,垫江县,ce06148961df76e19785dfa7e2696b8b,桂东雅苑,垫江县,精确匹配
151898,1910972820970475521,荣润·半山国际,綦江区,593d38f76a8aa92f45696b6f74db4ed3,荣润·半山国际,綦江区,精确匹配
151899,1910980256653578241,御景华庭,垫江县,4bedeae59581d3bf0f41ac0287090cf6,御景华庭,垫江县,精确匹配
151909,1910989412882124801,恒大锦城,巴南区,6b11f64ca07ce5413ed3ea750fd72465,恒大锦城,巴南区,精确匹配
151910,1910983798986575873,南溪绿郡AB区,巴南区,17cd64f4d0cf5a48c0a22df5849846d1,南溪绿郡AB区,巴南区,精确匹配
151911,1911077561679380482,龙缸岐山郡,云阳县,ef7802d127a0474b9009de139a37aacd,龙缸岐山郡,云阳县,精确匹配
151912,1911079108773576705,兴旺世家,云阳县,90cf22b4227b90dffff7e93f0a9e63e0,兴旺世家,云阳县,精确匹配
151923,1911591154246123522,景苑,开州区,b390d97576463bb543cb5c3403ac14bb,景苑,开州区,精确匹配
151925,1911603588226777090,海怡江山,涪陵区,65d7a878daf3858ea609b970f1559949,海怡江山,涪陵区,精确匹配
151934,1911612684824903682,巴南华府一期,巴南区,2f759f49a00fd2366f7408f2d80f65a3,巴南华府一期,巴南区,精确匹配
151935,1911613975261249538,风和日丽,九龙坡区,481a7c391b13bf4381fcd98799c809e8,风和日丽,九龙坡区,精确匹配
151936,1911614155767316481,巴南华府二期,巴南区,06a4a6937ec89536f6928a2165383bc5,巴南华府二期,巴南区,精确匹配
151942,1911621263132884993,麓林府,南岸区,b8af42109a9b0312aa20c674bc8434b7,麓林府,南岸区,精确匹配
151947,1911629655297654785,涪城尚座,涪陵区,5316d6cf0b02a3d57bbb2547c06cc741,涪城尚座,涪陵区,精确匹配
151949,1911673651235581953,金山豪苑,长寿区,8d35453969deec9a2da986f3a0403de1,金山豪苑,长寿区,精确匹配
151952,1911678422071832577,天香云锦,垫江县,c3375aeaab28bba9a6c3d680e28d6de1,天香云锦,垫江县,精确匹配
151954,1911681254778925058,协信阿卡迪亚,渝中区,b00fa28ba6d58467faec3a5d5e56819c,协信阿卡迪亚,渝中区,精确匹配
151955,1911689190641168385,绿地涪陵城际空间站·新璟里,涪陵区,22d9894fa282e4ce46bcebdbc461173f,绿地涪陵城际空间站·新璟里,涪陵区,精确匹配
151956,1911687897507885057,君临半山,涪陵区,bbe131fe116d9ca27c1a0f4743d9a281,君临半山,涪陵区,精确匹配
151957,1911698086126612482,创远十里缇香,巴南区,8661cd0adddfb3284001ce3a022b5b69,创远十里缇香,巴南区,精确匹配
151962,1911960010030522370,美堤雅城,南岸区,8d8da3eb3612ef60ef4fc9255ca0ef3e,美堤雅城,南岸区,精确匹配
151963,1911961911077838850,乌江丽苑,涪陵区,e8b1b924c20112120f90d7efa872809d,乌江丽苑,涪陵区,精确匹配
151964,1911962099909599234,阳光东城D栋,涪陵区,241157c942afcee67dd5e8dc009edd0d,阳光东城D栋,涪陵区,精确匹配
151966,1911973648145522689,荣盛滨江华府,巴南区,3490725bc05a547d80b26357dfa878b6,荣盛滨江华府,巴南区,精确匹配
151969,1911985177515466753,鸿恩新天地,江北区,1083835df22c4e08fac72c5f4d83fd15,鸿恩新天地,江北区,精确匹配
151985,1912053954575802369,峰亿都市广场,梁平区,bb4bb51a26daa499ffcc8383d7958f81,峰亿都市广场,梁平区,精确匹配
151994,1912138102363561986,恒大照母山,两江新区,d8ebacf22793f1b59a254249d00d3b80,恒大照母山,两江新区,精确匹配
151996,1912309377098752002,昕晖云境台,云阳县,dac48423732b6d836474105626043bee,昕晖云境台,云阳县,精确匹配
151997,1912309679147360258,昕晖御景湾,云阳县,39170a21370eb65c4b9a7bdf26cd53cf,昕晖御景湾,云阳县,精确匹配
152001,1912332779314388994,亲水丽苑,綦江区,8c8c9eb0901b916422de86ef5a1fafb6,亲水丽苑,綦江区,精确匹配
152005,1912333533223755778,普嘉半岛华城,綦江区,6511df545d734ed37b39396c0a7aff8b,普嘉半岛华城,綦江区,精确匹配
152006,1912068166907797506,中磐时代,永川区,25ecbc50f29b038eaff4fd97a4319183,中磐时代,永川区,精确匹配
152021,1912390421349048321,云立家天下,南岸区,86f5f018fa9c0652966f93d2cc32562f,云立家天下,南岸区,精确匹配
152036,1912415464057643009,江景名门,涪陵区,01233b0a36d49ff9e655c345675059b2,江景名门,涪陵区,精确匹配
152057,1912764211966943233,皇庭珠宝城,九龙坡区,0eaffd1837dd6df8b1607ddc8e666e17,皇庭珠宝城,九龙坡区,精确匹配
152068,1913059835073437698,新城港湾,双桥经开区,63cea55d2f5d2a1c986320a9cf51f2a2,新城港湾,双桥经开区,精确匹配
152071,1913113070064803842,荣腾盛世明珠,渝北区,2aaaca862fab69d33fc6734f7f355620,荣腾盛世明珠,渝北区,精确匹配
152073,1913114691972800514,汉府大第,开州区,ecde527f03299e64e3d83eac5502d8c2,汉府大第,开州区,精确匹配
152076,1913115373295542274,太山凤凰湾,开州区,f59a6bed15bfc7fd8374f02b56582283,太山凤凰湾,开州区,精确匹配
152083,1913116788202053633,泰苑,开州区,3f6348c9ccaf7a366fb59d8fd74c16b9,泰苑,开州区,精确匹配
152087,1913117860803026946,东湖郡,开州区,4d5d2f8a7174f0b3ea99b60fdc91b25a,东湖郡,开州区,精确匹配
152088,1913118415256461313,太山学府,开州区,096c1b2e944a12606f9713703ff78e3c,太山学府,开州区,精确匹配
152097,1913119784864489474,巴国锦苑,九龙坡区,d817b9476aaf465a1b826e0c059be3da,巴国锦苑,九龙坡区,精确匹配
152099,1913130411645378561,润洲悦庭,南岸区,a9764a2c91665c12fbc839d47c9ad835,润洲悦庭,南岸区,精确匹配
152106,1913457332283441153,龙城御府,九龙坡区,e9d3010445524dfbe67a902974717839,龙城御府,九龙坡区,精确匹配
152114,1914128860079652865,时代星居,沙坪坝区,67ee5a66d3ce7e9916a820f2cf54fbee,时代星居,沙坪坝区,精确匹配
152115,1914129275223474177,旭辰·山水庭,沙坪坝区,07261bd0dbb77b9c72d056d257fe9ec3,旭辰·山水庭,沙坪坝区,精确匹配
152120,1914145750680272898,香山兰庭,忠县,c600fafac981b650aa3ef8da6a996d5e,香山兰庭,忠县,精确匹配
152122,1914148209897177090,三公里（京投）还建房,忠县,c03f30bb478f3e82e3eb6a8dc8a8527a,三公里（京投）还建房,忠县,精确匹配
152133,1914209866618961922,御澜湾,两江新区,1049a770feae7ae85e428be44789ea36,御澜湾,两江新区,精确匹配
152151,1914269264712237058,富悦果岭,两江新区,7a2603ac8ec703fada29b2f03c6ff377,富悦果岭,两江新区,精确匹配
152155,1914282599704887297,洋丰·圣乔维斯,两江新区,bfc010bb39c37d45ebbc3b7abea0ce5e,洋丰·圣乔维斯,两江新区,精确匹配
152158,1914495196328820737,清能小南海花园,巴南区,eedf14882df17f8ac5b07de639aecb4c,清能小南海花园,巴南区,精确匹配
152170,1914524861802151937,龙湖丽都,开州区,22aa03d1c7f17f6a1119979dd5b657ec,龙湖丽都,开州区,精确匹配
152175,1914526036060471297,文廊中心,开州区,7317b16d71ade31afc1c3164c27800fa,文廊中心,开州区,精确匹配
152179,1914535687032340481,枫香桂园,璧山区,a58e10a4e591340a1251654394aaf7b6,枫香桂园,璧山区,精确匹配
152186,1914637686583263233,嘉悦江庭,渝北区,52b9ec1a6d15b6a5d20d6d8736cbd450,嘉悦江庭,渝北区,精确匹配
152199,1914892412939862018,融睿·香墅里,璧山区,59c19ee8e8b1308d2300254fec4a635f,融睿·香墅里,璧山区,精确匹配
152210,1915248251814973442,城南世家,南岸区,88aeb433fb67211aad9b172fcc61577a,城南世家,南岸区,精确匹配
152216,1915226137779146754,启昌中央华府,北碚区,1d2e6d13ee245afab97fae46159a3404,启昌中央华府,北碚区,精确匹配
152218,1915237342484795393,南城山水二期,巴南区,09916868dfe2d86c540320354ae642aa,南城山水二期,巴南区,精确匹配
152221,1915312449911689217,麦箭宝利金大厦,南川区,6def7f68e48a2a250df26a0a06d07162,麦箭宝利金大厦,南川区,精确匹配
152226,1915598052070952961,金樾山,巴南区,df32d17ce6e9172936bb0fb7f39d187e,金樾山,巴南区,精确匹配
152236,1915659958370643969,桂城小区,梁平区,020ae94e8d9788ce2a777f190b0f7ce9,桂城小区,梁平区,精确匹配
152237,1915660094454837250,御景天城,开州区,eb6dc3fdac6f3709b8db3441ac556098,御景天城,开州区,精确匹配
152239,1915663743146995714,都灵态度,巴南区,0ccdb0b84570297cd6407dab16c7293d,都灵态度,巴南区,精确匹配
152245,1915681081594425346,中建璧山印象三期,璧山区,8c3490d5227f337290b62bec19ab9cde,中建璧山印象三期,璧山区,精确匹配
152249,1915688634260860930,开州公馆,开州区,67c3dc8989847c48ab1262fe625226a2,开州公馆,开州区,精确匹配
152256,1915697302545051650,金科九曲河,两江新区,ad75107b26e5d2b4e087299bbe3cf3a4,金科九曲河,两江新区,精确匹配
152261,1915699059593523202,金科·博翠云邸,铜梁区,6e1ef51153b78b6cf7e8c979ad991c30,金科·博翠云邸,铜梁区,精确匹配
152266,1915705009444433922,锦上华庭,两江新区,3e245c181a166d130ab3595bfc99649c,锦上华庭,两江新区,精确匹配
152271,1915711798768513026,东海香悦里,合川区,c263c5b6ffeb93d453fd1c0a22adf9d8,东海香悦里,合川区,精确匹配
152276,1915719409383452673,阳光100,南岸区,53ceddd80f7de5dbe99befce8605a7ce,阳光100,南岸区,精确匹配
152280,1915726098170064897,金科中建博翠长江,大渡口区,8a2655fa3b82e29490ef85623b27c094,金科中建博翠长江,大渡口区,精确匹配
152293,1915761164975812609,重庆恒大麓山湖二期,大渡口区,2d0d93e73537568d5070b84eb6d3430b,重庆恒大麓山湖二期,大渡口区,精确匹配
152294,1915768167857074178,渝港花园,大渡口区,11fcbe1a5523026487c7323eb6c5a814,渝港花园,大渡口区,精确匹配
152297,1915949409974030338,阳光水岸,垫江县,a90bb1e075f26fa2ed8fdbc530c3703e,阳光水岸,垫江县,精确匹配
152298,1915945259693445121,奔力漫山居,江北区,2953509efa484d445b4551f7ce7d620c,奔力漫山居,江北区,精确匹配
152314,1916008712890159106,重庆万科城,两江新区,b963188bff1e1c65e96dcf72c6bdcdd5,重庆万科城,两江新区,精确匹配
152317,1916010272030396418,协信·TOWN城柠檬郡,两江新区,2307e71f6c335c2fa7a3e8f0ddb57522,协信·TOWN城柠檬郡,两江新区,精确匹配
152318,1916010491736428546,合景天銮,渝中区,25f0d5a587904b2bd1b2af6fa1823f81,合景天銮,渝中区,精确匹配
152326,1916008381074575362,金利大厦,两江新区,334d2e028a9b120ecab5f7c156d90b3b,金利大厦,两江新区,精确匹配
152338,1916027583936270337,西城大院,九龙坡区,b538938da3367a258537ea4cf7cf1948,西城大院,九龙坡区,精确匹配
152339,1916028313606754306,邻江华庭,云阳县,990a07bb46d7dcbb8b9f6525d6b3dfbb,邻江华庭,云阳县,精确匹配
152355,1916061020273446913,巴川郡,铜梁区,ee25bcbc8b578551628f265f6a06a8f4,巴川郡,铜梁区,精确匹配
152356,1916062752445501441,兰亭景苑,璧山区,01350c9612d02b1f4101d89a4b45ca22,兰亭景苑,璧山区,精确匹配
152357,1916063573245628418,礼悦江山,两江新区,1c56aa541d4fef96872852ae1e392c80,礼悦江山,两江新区,精确匹配
152358,1916064487662620673,长青湖,南岸区,6016d51b661d24f3f632e343eba56e91,长青湖,南岸区,精确匹配
152359,1916065157237116930,卓越中寰,九龙坡区,bef0d977ab147d1901f43a3687c58a64,卓越中寰,九龙坡区,精确匹配
152360,1916054366895149058,招商江湾城,江北区,2a1940195037c2258cfacb9c9d6c5923,招商江湾城,江北区,精确匹配
152363,1916057816940875777,金色池塘,渝北区,579579aa2ca7d594354675ead7482985,金色池塘,渝北区,精确匹配
152365,1916066530850705409,北碚山语城,北碚区,84ca20864d0a7859abe2d1702f78fd91,北碚山语城,北碚区,精确匹配
152366,1916069013127892994,协信星麓原,巴南区,a5ae4829ae7a50a17266b8d63f8334b1,协信星麓原,巴南区,精确匹配
152369,1916073917917630466,万科金域学府翰江,南岸区,7e9718bcd582853d43016d8a12654dbf,万科金域学府翰江,南岸区,精确匹配
152374,1916290517530775554,鸿福龙都,合川区,26eadfbe69cb2fec6c654b1d81666dcd,鸿福龙都,合川区,精确匹配
152376,1916294209210355714,高铁新城平安筱筑,云阳县,7bc6f84e793885b38f452c13ec14a058,高铁新城平安筱筑,云阳县,精确匹配
152378,1916068579118092290,合川爱普花漾城,合川区,b67df02d454423dab43bb576b1d93330,合川爱普花漾城,合川区,精确匹配
152384,1916314092081975297,万科城一期,永川区,0883a14d9e825070725a13dfb56aa6f2,万科城一期,永川区,精确匹配
152390,1916315772106248194,园上园,开州区,ea04cdb450bf26d6fbe641ecd48596b2,园上园,开州区,精确匹配
152392,1916316751983742977,新东邦晓悦湾,南川区,7cbe4257a4bc60c35d2dcc0786230418,新东邦晓悦湾,南川区,精确匹配
152394,1916317920391008258,民安佳苑,涪陵区,7b736743a0369a450fc2731665f8ac7a,民安佳苑,涪陵区,精确匹配
152401,1916331659039281153,圣悦新都,九龙坡区,f3ea24f99fcc274aa9c00d7cc5eda7b5,圣悦新都,九龙坡区,精确匹配
152403,1916332443600621570,长嘉汇,南岸区,893572077c29e877ddadce03c7affac9,长嘉汇,南岸区,精确匹配
152404,1916336484359540738,尚品今典,垫江县,9fb0b55e44f905780de40e797b4db22f,尚品今典,垫江县,精确匹配
152406,1916339324293419009,碧桂园观澜府,城口县,16c9b613b9c5a13a0349602f108cd8d3,碧桂园观澜府,城口县,精确匹配
152407,1916339445185843201,蔚蓝海天,巴南区,c4e89e02a32969e949591ea6c18499ed,蔚蓝海天,巴南区,精确匹配
152408,1916348763515850753,天鹅湖岸（一、二、三期）,忠县,3fee882ea596e2893f2309465005b4f9,天鹅湖岸（一、二、三期）,忠县,精确匹配
152410,1916373544743145474,江风雅居,渝中区,3cff96bb0c08f0e50fee059f03b1eb58,江风雅居,渝中区,精确匹配
152413,1916381734067179521,阳光现代城A栋,云阳县,2289aee25004af9d7670b50f40948c8c,阳光现代城A栋,云阳县,精确匹配
152414,1916382599251431426,金科集美东方,江津区,3367cb72cec2298757005695989be463,金科集美东方,江津区,精确匹配
152418,1916387460764340226,浦里阳光城,开州区,ca6b87de6d8b850c19904a275ed4a12a,浦里阳光城,开州区,精确匹配
152421,1916390889884684290,德瑞悦城,长寿区,4079521c3183d093625c9092297dc2dc,德瑞悦城,长寿区,精确匹配
152432,1916397962806628354,招商渝天府（Ah03-01地块）林屿,沙坪坝区,52020f093c536800b5cdce969f720982,招商渝天府（Ah03-01地块）林屿,沙坪坝区,精确匹配
152434,1916401679027081218,保利江上明珠,江北区,bc753592fd9c83333165bd05ccbdd2dd,保利江上明珠,江北区,精确匹配
152436,1916401857473744898,巴比亚半山,巴南区,d31f673122955c5988292daf0baaf204,巴比亚半山,巴南区,精确匹配
152437,1916388736176689153,圆家小院,渝中区,830c08ae1c43c241a01ce8905a091f94,圆家小院,渝中区,精确匹配
152440,1916389881196515330,花山怡园,南川区,6cb178f304cc90cfea193eeb82b6286f,花山怡园,南川区,精确匹配
152441,1916404760477372418,中央华府,南川区,cfa948034ba35e6713be887fc1121453,中央华府,南川区,精确匹配
152445,1916409474170425346,半岛华庭,万州区,e8e47ab7ddbfcad6ab7574acf430524a,半岛华庭,万州区,精确匹配
152456,1916419049951006722,碧水蓝天,云阳县,1995dca9e73abb1da87cc6ab639e4437,碧水蓝天,云阳县,精确匹配
152464,1916438036227231746,南山郡四期,南岸区,a051c3f4ee7d2bee84d273884e2ed3b5,南山郡四期,南岸区,精确匹配
152465,1916440538242813953,万科金域蓝湾,渝北区,ce0e104b09d2418642bf79fc1934c8a1,万科金域蓝湾,渝北区,精确匹配
152466,1916464063372529665,海纳九龙,九龙坡区,b2cb9ce88baa8b5a7e53347e66c4da8b,海纳九龙,九龙坡区,精确匹配
152473,1916661136395034625,渝郡豪都,忠县,6edc526a59260ab9cc352260c1e9d285,渝郡豪都,忠县,精确匹配
152484,1916673443963559937,街坊邻居,九龙坡区,a81b56c6725676cb153c50b1fd967873,街坊邻居,九龙坡区,精确匹配
152494,1916683502252679169,迎宾大厦,忠县,badf8f0f7d3b89e1258e835b007d89cb,迎宾大厦,忠县,精确匹配
152495,1916683749343322113,缘梦花园,忠县,319e8db124032bdf38e26e76563a3a19,缘梦花园,忠县,精确匹配
152497,1916694253977690114,渝南明珠,南川区,e95213f78dbe368aa0068647217bad2c,渝南明珠,南川区,精确匹配
152498,1916694839481556993,里城樾公馆,九龙坡区,aa6c7c226f348b2852d3b116e9a97c42,里城樾公馆,九龙坡区,精确匹配
152499,1916696538287923201,九鼎花园,南川区,42dcb158c3ef8060b6abac3ebefe0e87,九鼎花园,南川区,精确匹配
152505,1916707776673832961,金都香榭,九龙坡区,07bc7dc4137cb5727be9ce60bf7971ee,金都香榭,九龙坡区,精确匹配
152514,1916744024494923777,江枫美岸,沙坪坝区,d0c08d7fd9d12b85b2a403440a43db7e,江枫美岸,沙坪坝区,精确匹配
152515,1916744305693646849,中央公园瑞府,渝北区,c31f9795227401f4accc27c4467440e3,中央公园瑞府,渝北区,精确匹配
152531,1916761031554588674,桃香苑,渝北区,cdd2e877d50288125857ae21c3d9ce8d,桃香苑,渝北区,精确匹配
152533,1916761625325428737,龙城华府,荣昌区,cbbb566485b65beef78292d4f79ff355,龙城华府,荣昌区,精确匹配
152535,1916768911712280577,绿云绣,九龙坡区,8eb009f20a99a98c3acc681e1095ebf8,绿云绣,九龙坡区,精确匹配
152536,1916777988920139777,宽泰时代新城,璧山区,b337116b5a0ac31e03b2f1f805ceb3de,宽泰时代新城,璧山区,精确匹配
152537,1916785962497564673,吉祥·彩云间,开州区,2a62a9d40c07d570da3b104ff3728d1d,吉祥·彩云间,开州区,精确匹配
152538,1916786515290054657,吉祥·云枫城,开州区,9f06a3fdd699d7e4bbddcd19ad35109e,吉祥·云枫城,开州区,精确匹配
152540,1916791773873528833,嘉阅湾一期,北碚区,4a944301c0aeef0cfebf7696956118f6,嘉阅湾一期,北碚区,精确匹配
152542,1916862388844322817,中梁星海悦,两江新区,fdf29fc2d08d123c49e3ee0fab7ee788,中梁星海悦,两江新区,精确匹配
152545,1917028807741497346,德瑞尚城,双桥经开区,4a60dfc8af89638cd080b8d70647c496,德瑞尚城,双桥经开区,精确匹配
152549,1917030835406462977,鲁能星城九街区,渝北区,a126e267ab0e687e40976cb00c4fbaf3,鲁能星城九街区,渝北区,精确匹配
152553,1916788567474921474,海怡天玺雅居,南川区,fab2b3943d67435343776be287b8b329,海怡天玺雅居,南川区,精确匹配
152580,1917051300673970177,兰花丽景二期,九龙坡区,9cc0ba25cbab2bd7c09ebb2cf67bf31f,兰花丽景二期,九龙坡区,精确匹配
152583,1917057749751914498,泰山7号2街区、6街区、7街区、8街区,渝北区,55724a54fe7e9250ac5e872f02b39eba,泰山7号2街区、6街区、7街区、8街区,渝北区,精确匹配
152588,1917100096866967554,万州锦绣天城,万州区,4db92504e57e58d2dca19259870a44d0,万州锦绣天城,万州区,精确匹配
152590,1917104363354939393,丽景名苑,忠县,09cf1a522701edf5683d52aa7b95933a,丽景名苑,忠县,精确匹配
152595,1917114157369352194,西欧花园檀香苑,垫江县,615af9fe5533193ae485b1a156c9ea03,西欧花园檀香苑,垫江县,精确匹配
152602,1917118569152208898,万和天地,双桥经开区,5af95cae22db9a54241def2a0e716c55,万和天地,双桥经开区,精确匹配
152604,1917119080056184834,爱加丽都（爱加丽都、爱加西西里）,两江新区,4e6a2f4e86af347a17f5b3c3d9e01d4c,爱加丽都（爱加丽都、爱加西西里）,两江新区,精确匹配
152613,1917131362291113985,裕华公馆,开州区,43bf577ec5134c488f090dc3330c93a7,裕华公馆,开州区,精确匹配
152614,1917131369568231426,荣城华府,荣昌区,87857ed75e19b81fcdf820f53a1d34d5,荣城华府,荣昌区,精确匹配
152618,1917133070362697730,吉祥·中华城,开州区,a7d1c650443934a502ab8017c137e258,吉祥·中华城,开州区,精确匹配
152622,1917138099505160193,南川金香苑小区,南川区,5f7e44e08bc83d5014687128f99b6e4c,南川金香苑小区,南川区,精确匹配
152627,1917159110137044993,锦绣新城,璧山区,0677d645e3e7e1096d168d4556e43a71,锦绣新城,璧山区,精确匹配
152633,1917381792917053442,同邦·国际城,南川区,0d70257f4c30c1a14c6eaf72cb3176c1,同邦·国际城,南川区,精确匹配
152637,1917398768901120001,瀚恩悦园,璧山区,c725643bc2fce147e04485810afa2c55,瀚恩悦园,璧山区,精确匹配
152639,1917397201787510786,泰山7号F122-1地块（11街区）,渝北区,15f530958d2027596fc0e3d96cef8bf1,泰山7号F122-1地块（11街区）,渝北区,精确匹配
152658,1917483021437460482,伟岸一品城,渝北区,745402bc4fd91b88aa7ca574a06afb8f,伟岸一品城,渝北区,精确匹配
152661,1917492985736421377,双鹿花园,双桥经开区,aa4be1855a8561cde4bf3f54e4fc01cb,双鹿花园,双桥经开区,精确匹配
152663,1917498376247533570,佳兆业篆山熙园,江津区,4f8a6a1adfdf51422c648dbbb95d99f4,佳兆业篆山熙园,江津区,精确匹配
152667,1917502791952064514,桂苑B、C区,江津区,c144d40a3d029da83b05f9dcd252e5a5,桂苑B、C区,江津区,精确匹配
152668,1917503029718769665,洛维四面山水竹苑B区,江津区,78ea7b5787daf5d60ce6ea2b355b4060,洛维四面山水竹苑B区,江津区,精确匹配
152671,1917528122062757890,首信皇冠假日,九龙坡区,d0db38ed14c374661a4f70989c81b277,首信皇冠假日,九龙坡区,精确匹配
152673,1919600821845057538,瑞景花园,荣昌区,6b858b57441c087609e8e5e666b8d216,瑞景花园,荣昌区,精确匹配
152675,1919643972584562689,天正北城新都,大足区,249676a687ec2748293ffbb65c681151,天正北城新都,大足区,精确匹配
152676,1919645422077304833,云篆学府,巴南区,7a76b8a8192c5230e75c9d95d74939e8,云篆学府,巴南区,精确匹配
152677,1919645958373597186,鼎盛宝马苑,大足区,008063a16277c8db8150705be6a69a01,鼎盛宝马苑,大足区,精确匹配
152687,1919999524070166529,学府尚城,开州区,d405fd6605fca045d4c1ed329ce8267c,学府尚城,开州区,精确匹配
152692,1920018538913796098,金域都会,双桥经开区,d70bd8638108c3b1dffe185325bdf642,金域都会,双桥经开区,精确匹配
152695,1920027717200187394,金色蓝庭,荣昌区,e8944109632432ca248f8864e740520f,金色蓝庭,荣昌区,精确匹配
152696,1920028113301868545,东城花园A区六号楼,荣昌区,f3981b922d9d041a2f49e91e99776496,东城花园A区六号楼,荣昌区,精确匹配
152697,1920030143353393153,康瑞花园,荣昌区,c64e17dfe47dd4327a12f7fe6765a0c4,康瑞花园,荣昌区,精确匹配
152700,1920301682925703169,力帆红星,两江新区,990f34fbaf482af83d77c3b3ef1272b2,力帆红星,两江新区,精确匹配
152706,1920368837314678786,真武山生态住宅小区（高屋林语堂）,南岸区,602db53bea85a1d5584916e04d464ec8,真武山生态住宅小区（高屋林语堂）,南岸区,精确匹配
152707,1920396363512614913,巴岳西湖,双桥经开区,77bac3aa4b703d6c427d9616b5e04bc1,巴岳西湖,双桥经开区,精确匹配
152715,1920754994548453378,润庆.水晶印象,綦江区,405021c8fdd6b48ec40ab35c208152af,润庆.水晶印象,綦江区,精确匹配
152719,1921738624821243906,远典·碧水蓝湾,綦江区,8df2af99e0639a808a15fbfccc39af80,远典·碧水蓝湾,綦江区,精确匹配
152721,1921745532495998978,龙腾湾,大足区,db294834e2b7127f26ea87ba3a4a3bbc,龙腾湾,大足区,精确匹配
152723,1920381583817117697,中央菁城,开州区,a8967e44cb3ae44a9ec6f27c0a1eb116,中央菁城,开州区,精确匹配
152724,1920701563582427137,融科城,两江新区,ba6e6b2798d7f6b265989a7fbb5b8bef,融科城,两江新区,精确匹配
152735,1921810918704820225,缙云香缇,北碚区,4fc52dd7c7a145a930855d2e1fbbe0c6,缙云香缇,北碚区,精确匹配
152737,1921815883938672641,柏林春江,南岸区,8b8db55dfe27955c51a01665336020f1,柏林春江,南岸区,精确匹配
152739,1922101776478060546,磐石圣缇亚纳,黔江区,216921deb439e3d3db52947620cdfa3e,磐石圣缇亚纳,黔江区,精确匹配
152741,1922102446136442881,磐石香缇亚纳,黔江区,ca296c4ddeb4fab3ac0a449749e057dc,磐石香缇亚纳,黔江区,精确匹配
152745,1922179955557351426,景苑,南岸区,fb63d8ce5687a3855e5aa0f410226b4f,景苑,南岸区,精确匹配
152750,1922225185887305730,乐村兴茂康养旅游度假区（一期）,南川区,c5d1262613b56c1fa1775fdc7e8b6d65,乐村兴茂康养旅游度假区（一期）,南川区,精确匹配
152760,1922494047874662402,翡翠公馆,涪陵区,449f15c086f9e4f7f5c88c89cd5ad1e7,翡翠公馆,涪陵区,精确匹配
152768,1922559790150533121,弘阳玖悦府,璧山区,1a722b4f5dc0e2b7eaea524b00612ff7,弘阳玖悦府,璧山区,精确匹配
152770,1922574005808611329,湖滨苑,渝北区,fffa306e101ea822264bb77e0454b207,湖滨苑,渝北区,精确匹配
152778,1922836724189184001,龙润尚城,沙坪坝区,7d5071ee0e0148fce09175aa305a37b9,龙润尚城,沙坪坝区,精确匹配
152780,1922560909027262465,白鹭湾澜廷,璧山区,6e210cbbd784c404ca552bb9d8b55df3,白鹭湾澜廷,璧山区,精确匹配
152788,1922949975983996930,尚美时代A区,巴南区,5efafbdbc13eb7c52e94935c98410185,尚美时代A区,巴南区,精确匹配
152789,1922955474943033345,融汇11期玫瑰公馆,巴南区,0699886ac63d752308addfefd58f9e89,融汇11期玫瑰公馆,巴南区,精确匹配
152791,1922985278719344642,中交锦悦二期,巴南区,c6a6b8fd362cbc2b9a29299beed4068a,中交锦悦二期,巴南区,精确匹配
152797,1923271278637039617,金科贝蒙湖山云麓,永川区,17ff528ccb63a072166372d69fed60f3,金科贝蒙湖山云麓,永川区,精确匹配
152813,1924300502051274753,莲花半岛,渝北区,553ac949580a528b2d12d92261f63221,莲花半岛,渝北区,精确匹配
152816,1924359264531333122,东宏书香世家,大足区,de3f453becea83ecc9eadd1987007e58,东宏书香世家,大足区,精确匹配
152820,1924385103683731457,重庆鲁能领秀城二号地块,南岸区,ec27ab9b23121ebb3f302f2bdce42185,重庆鲁能领秀城二号地块,南岸区,精确匹配
152821,1924659285009055746,东山城,梁平区,207f939babc4c96ddf0713ba0a1c6661,东山城,梁平区,精确匹配
152822,1924661306936213505,枫丹壹号,梁平区,efa0e73c16a6b7b964fdda4e063f58f5,枫丹壹号,梁平区,精确匹配
152825,1924720501437972482,双旭雅苑,璧山区,27704d9c8b13b37c1102ebe4eae5643d,双旭雅苑,璧山区,精确匹配
152826,1924725158579224578,鸥鹏御府,璧山区,00942ee630d189086c421907477600c9,鸥鹏御府,璧山区,精确匹配
152827,1924725372505505794,柳镇三期二街区,巴南区,25e0b424b189e34fffcb177496f152ce,柳镇三期二街区,巴南区,精确匹配
152831,1925028270896529410,重庆恒大养生谷一期,江津区,82adf216c742c84a6e0d8bf11c4624c4,重庆恒大养生谷一期,江津区,精确匹配
152832,1925029528298536961,重庆恒大养生谷二期三期,江津区,4cc43b2a236a2a78a744400c88213099,重庆恒大养生谷二期三期,江津区,精确匹配
152837,1925103412410531842,君临东城,涪陵区,94e9f7f8f653fae8af069999892f3dbb,君临东城,涪陵区,精确匹配
152841,1925115166582587393,重报时代中央,涪陵区,446b94fc6fb253c7ee9a189cc78ccaa4,重报时代中央,涪陵区,精确匹配
152849,1925754503934488577,华宇小泉,巴南区,1130469e8557cd844d1e416a37d31d5e,华宇小泉,巴南区,精确匹配
152853,1926885889881911297,渝州华庭,巴南区,f7544c28a214821f15e4461ff730530f,渝州华庭,巴南区,精确匹配
152854,1926975699862663170,江与城,两江新区,e2fe43d3d3d10cb093ef874e95cda159,江与城,两江新区,精确匹配
152861,1927537615404163074,新城元素,涪陵区,91ee80d50a2f15d1a8276960a66df627,新城元素,涪陵区,精确匹配
152862,1927538372761247745,春三里一期,江津区,18290e0ffefc9300c0cdcbf20a6e59f9,春三里一期,江津区,精确匹配
152873,1927612567507591169,都市花园,开州区,a102738dabe6f841b2729a412decacba,都市花园,开州区,精确匹配
152875,1926107859957821442,江城尚苑,合川区,603f5f901830ed8b564780b279b76ab5,江城尚苑,合川区,精确匹配
152882,1928638919627190273,奥园康城,九龙坡区,22feb26006901144906823a34240a1cc,奥园康城,九龙坡区,精确匹配
152890,1931520681428594689,重庆市中钢水碾云间（依云美舍）,九龙坡区,ce4f937a16a8424eb4595e76442b6e0b,重庆市中钢水碾云间（依云美舍）,九龙坡区,精确匹配
152894,1931890536988225537,碧海云顶项目A区,涪陵区,fc2d31f283964f3a7e23fca219cd2a41,碧海云顶项目A区,涪陵区,精确匹配
152895,1931966327390416898,和泓四季一期,九龙坡区,d301e0e7310834937e03734ec750f97f,和泓四季一期,九龙坡区,精确匹配
152896,1932611981389279233,中开熙岸,合川区,ed8844464da1cfbaf453d809cea94464,中开熙岸,合川区,精确匹配
152897,1932612397577482242,中核天玺一品三期,合川区,46926c90f84095be000119c4bd36b13d,中核天玺一品三期,合川区,精确匹配
152898,1933008031132364802,原山郡,开州区,e25cf7fcbaae2ca3a2ad221658ecce6c,原山郡,开州区,精确匹配
152905,1934808699581132802,锦绣前程,南岸区,05a1a9f5144af2da38260ec6d8b042b9,锦绣前程,南岸区,精确匹配
152913,1937691570385862658,中建壹品·南滨星光城（一期一批次）,南岸区,36195f33ceef75fe0b48f7d5726fb51b,中建壹品·南滨星光城（一期一批次）,南岸区,精确匹配
152916,1937757271196844033,绿地海域,涪陵区,05004d89a423eee5bfe09598f97acab9,绿地海域,涪陵区,精确匹配
152927,1938125565141598210,洪博金苑,涪陵区,1f95ef06e77bf1351d5e152c27bb81b0,洪博金苑,涪陵区,精确匹配
152928,1938133608818425858,至上美地,涪陵区,9bc0ed2f8e31539b14f72b466b742d35,至上美地,涪陵区,精确匹配
152931,1935993588515012609,正通雅苑,荣昌区,9ef09e58e29e622151746aa9aa8aef42,正通雅苑,荣昌区,精确匹配
152937,1938152815354331137,三合苑,永川区,a2806f7e1ab1d307d065630f2e91542d,三合苑,永川区,精确匹配
152941,1939878377546457090,天三香缇湾,双桥经开区,e850c1536f3ad6d0e06523bd34163e77,天三香缇湾,双桥经开区,精确匹配
152942,1940586947992834050,广福苑,綦江区,380eb5f25ff36095f188effe0a4f2062,广福苑,綦江区,精确匹配
152948,1939585164801613825,上丁新世纪,巴南区,28f8af24b829ccaefb3a1be09950a183,上丁新世纪,巴南区,精确匹配
152949,1941037427797741570,天正.河畔名郡,荣昌区,50850faf8fe5f155035ba88d295b4503,天正.河畔名郡,荣昌区,精确匹配
152951,1943226504571723778,水岸国际,璧山区,0c8b6b52a06685c48b136372d52fb09b,水岸国际,璧山区,精确匹配
152952,1943485525627183105,鸥鹏.凤凰城一期,璧山区,695c681d53d026fc8dce0c938c371047,鸥鹏.凤凰城一期,璧山区,精确匹配
152953,1943492846638014466,鸥鹏.凤凰城二期,璧山区,51e8dd70597e29e478f0ad99029c33ca,鸥鹏.凤凰城二期,璧山区,精确匹配
152957,1944962683805556737,卉林玥,璧山区,4b2f11e6bd7763ac9e3032d11472dc7a,卉林玥,璧山区,精确匹配
152959,1945305940880187393,幸福家园,北碚区,6b13f6a4f08141325d9837a15e8ee431,幸福家园,北碚区,精确匹配
152962,1942057366780334082,江东花园,涪陵区,6c97cd912a7f2b13f8563429b8bbb9de,江东花园,涪陵区,精确匹配
153177,1900015221844406274,重庆,万州区,24a1b2152a910617b656f38565d18c45,重庆,万州区,精确匹配
153185,1900366873784938498,祥瑞·时尚天街,江津区,1b169d27d707f76748276561661b223a,祥瑞·时尚天街,江津区,精确匹配
153188,1900387045983842306,美源·美嘉（远见中心）,渝中区,e5ecc5076fd77a080dca8253ef71d29a,美源·美嘉（远见中心）,渝中区,精确匹配
153192,1901520823250776066,重庆财富金融中心FFC,两江新区,5b7a9c6f8d12849f6895f5126592c5de,重庆财富金融中心FFC,两江新区,精确匹配
153195,1902893549941047298,驿鑫·平湖会所（商务楼）,万州区,f34a82fb786bcd2aef96aa1f5202a5c1,驿鑫·平湖会所（商务楼）,万州区,精确匹配
153198,1902652261618565122,国汇中心,南岸区,2c8aa7e5acfe9baf6bf0d0ac8cf2ce21,国汇中心,南岸区,精确匹配
153199,1902648750847705089,财信广场,江北区,a21ac856f237b46e0ca3edfc7b64ccd7,财信广场,江北区,精确匹配
153201,1902627820482215938,驿鑫·阅江卿城,万州区,e58b0380e919a9a4953f42ae2ebbedb1,驿鑫·阅江卿城,万州区,精确匹配
153202,1902619456406700033,重报万州中心,万州区,da967200fd0fbb8e651cee57d4f32047,重报万州中心,万州区,精确匹配
153205,1902602080831291393,会展国际,九龙坡区,3a5fab777c84097912df229f3ab2a8a4,会展国际,九龙坡区,精确匹配
153207,1901547311396220929,星瑞渝西国际广场,璧山区,814aed84a0c475adfa216871d933a496,星瑞渝西国际广场,璧山区,精确匹配
153210,1902199695558459394,星光时代商业中心,万州区,97dc98cecfa2a4a773cec178837eeca6,星光时代商业中心,万州区,精确匹配
153216,1905142219252084738,华辰财富广场,渝北区,174ac14821da096dff84cf45d2741174,华辰财富广场,渝北区,精确匹配
153222,1904801026299326465,重庆总部城A区,渝中区,ce8df9767e4113f1e5f02b92b4c81df8,重庆总部城A区,渝中区,精确匹配
153224,1904802050007298050,联合国际大厦,渝中区,c41ee936cd4455068dfa606a0a329456,联合国际大厦,渝中区,精确匹配
153234,1904782590605193217,渝中区京剧团地块项目,渝中区,7cdfc1106b59fe23223fc3ae4bfd9c9e,渝中区京剧团地块项目,渝中区,精确匹配
153236,1904725431934709762,江通大厦,永川区,255188574c26a5217dd303f2d9c0b042,江通大厦,永川区,精确匹配
153237,1904702847218282498,渝北吾悦广场,渝北区,52d6a83b6cbc16769debb33e7652c89e,渝北吾悦广场,渝北区,精确匹配
153240,1904433612483117058,璧兴智慧农贸城,璧山区,8cb1fee54f77279631ef1b12bc6f56fa,璧兴智慧农贸城,璧山区,精确匹配
153244,1904367128733990914,佳信金街,万州区,dab4fcb3f879390ef59e53a3d0d6308a,佳信金街,万州区,精确匹配
153245,1904361937708171266,阳光满庭,万州区,b552a5cd5f2269f075ca910589878c6d,阳光满庭,万州区,精确匹配
153246,1904008065311465473,时代都汇商业一期,南岸区,4fc1e88799580dedf5f4c26e3a21746b,时代都汇商业一期,南岸区,精确匹配
153254,1902970036140531713,驿鑫广场（商业）,万州区,00f20f7a0eb8e2f749bb9d9d1a9e6020,驿鑫广场（商业）,万州区,精确匹配
153259,1900030633868980225,中新大厦,江北区,b252415913ace50e6c57189d22a2745e,中新大厦,江北区,精确匹配
153261,1900061560422723585,两江国际商务公寓,两江新区,42ff521744e5e143d6577f0a934c4276,两江国际商务公寓,两江新区,精确匹配
153266,1900000669773787137,滨江明珠,万州区,927287b5af633c95d645a2bc5c5bf67a,滨江明珠,万州区,精确匹配
153268,1899745993904025601,英利国际五金机电城,江津区,b197c5fae550b1b1f7c5d95e0553a7ef,英利国际五金机电城,江津区,精确匹配
153274,1899261796529664002,福城广场,江津区,204853f4911c48f24e48ef456fdfdc62,福城广场,江津区,精确匹配
153276,1899059589150601218,合川集美江山,合川区,7efa4deb0480ff2eae6d1e7ec832baeb,合川集美江山,合川区,精确匹配
153278,1898964211646525442,金石广场,九龙坡区,81937308f3d38817a8a42027dad08045,金石广场,九龙坡区,精确匹配
153281,1889854920599683074,竹海御景王府,梁平区,03fb55ce85f392c63f8295a56520e782,竹海御景王府,梁平区,精确匹配
153288,1898917498923708418,蓝筹银座,长寿区,d43f906a1cd8e6a9ba8538bd64be5f54,蓝筹银座,长寿区,精确匹配
153289,1897934447829774338,美源·美源,渝中区,dbdfe9371026e0305cb3e8456afa0210,美源·美源,渝中区,精确匹配
153291,1897848282422374401,万汇中心,江北区,9820e45d9f389b40cdb3f588ffd626ee,万汇中心,江北区,精确匹配
153294,1894662757347692546,港城小时代,江北区,c503848645ad472ac51bc8d86207ac2b,港城小时代,江北区,精确匹配
153295,1894219487471616001,重庆古德里酒店及文旅项目,璧山区,696d158307f6318087709f5e2e245df4,重庆古德里酒店及文旅项目,璧山区,精确匹配
153297,1818483423562326018,金融城1号,江北区,b1010b57a000946a92d60995a0360c5d,金融城1号,江北区,精确匹配
153300,1818177857736564737,国际商贸城,奉节县,70083165684160c72d33f17ab072ac37,国际商贸城,奉节县,精确匹配
153302,1817739496777474050,金融中心,江北区,b4d3da9bb45d2a88a2bcd829abab561b,金融中心,江北区,精确匹配
153303,1817740098311970818,美全22世纪,江北区,b08064f7a88c2676a92c2bf0f406ab22,美全22世纪,江北区,精确匹配
153304,1817741950101381121,人民广场,奉节县,4a902851315f73d1ab438d89cdd291bb,人民广场,奉节县,精确匹配
153305,1816401146166534145,海棠晓月重庆中央温泉大酒店,南岸区,4ac19b153fde70a9361d9c29b8e9b35f,海棠晓月重庆中央温泉大酒店,南岸区,精确匹配
153308,1816389376626548737,美全世纪城,南岸区,dd54113ecb9446c30b0505cb97269307,美全世纪城,南岸区,精确匹配
153310,1819202713215197185,伊美大酒店,江北区,690a9ec97b3d34b1ecf684e26bcfc354,伊美大酒店,江北区,精确匹配
153313,1816314330272915458,东方国际广场,江北区,0346c741ddc04b187cee6e2cb70a4865,东方国际广场,江北区,精确匹配
153316,1810503527410081794,俊豪ICFC,江北区,6e5626e024a4f28d45bc11cd4ad252ac,俊豪ICFC,江北区,精确匹配
153319,1808406205364617218,荣昌五洲国际商贸城,荣昌区,9142405fcb237740be19d9037a1aed5f,荣昌五洲国际商贸城,荣昌区,精确匹配
153329,1799054088891981825,尚品时代,两江新区,55299d7e1182d08a35ff821789fd0a26,尚品时代,两江新区,精确匹配
153333,1798652679826628609,土星,两江新区,2fee43b72b8da1ba40fdc5073ac2ae89,土星,两江新区,精确匹配
153336,1798615861936709634,金泰智能产业园二期,两江新区,33b6a360af0615d55735d3ce27061a19,金泰智能产业园二期,两江新区,精确匹配
153344,1795358674581893121,动力国际,两江新区,8f97efded2e62be600612944ec61ecdc,动力国际,两江新区,精确匹配
153347,1794931214774087681,云阳亿联建材家居汽车城,云阳县,add922ff65476f13b6f4b9ffcaf359f4,云阳亿联建材家居汽车城,云阳县,精确匹配
153355,1793818033175572482,两江天地,两江新区,f4d09842a862c51c7707c5e04c797517,两江天地,两江新区,精确匹配
153356,1793563499220086786,南川区总商会大厦,南川区,3f22dc2d752254bdd951a2c4a08838bf,南川区总商会大厦,南川区,精确匹配
153363,1735544844603822082,环湖企业公园二期,两江新区,dfdf493ae689b2127ae6cef6360fb635,环湖企业公园二期,两江新区,精确匹配
153364,1737724159193976833,御景江山,合川区,a430d489868e9a2e3ef98ba9c8f40e37,御景江山,合川区,精确匹配
153366,1714106977847578626,力帆中心,江北区,df8e1b570ba04d78d5b73a3c484162b6,力帆中心,江北区,精确匹配
153368,1712303119202750465,巫山亿丰国际商贸城,巫山县,5b8fa968503609b2e4c720a0148f5f93,巫山亿丰国际商贸城,巫山县,精确匹配
153369,1706132299845701633,国华天平大厦,江北区,d8190a3cecd651a3ea8c91b04d52ca30,国华天平大厦,江北区,精确匹配
153370,1706128907228385281,城口县亿联商贸城,城口县,a6b1399e187835dddb0c67d51fdf1115,城口县亿联商贸城,城口县,精确匹配
153371,1704744879090798594,中耀大厦,江北区,7c75c1e15614c076083a9c8e569bb062,中耀大厦,江北区,精确匹配
153373,1906353743509528577,恒大未来城六街区,高新区,24ce0aeac895bb282a34d53186886e63,恒大未来城六街区,高新区,精确匹配
153374,1906353726904279041,恒大未来城三街区,高新区,9f112efd14820bfc8a4aee05ffcbe7e4,恒大未来城三街区,高新区,精确匹配
153380,1906927463399636994,高科总部广场二期,两江新区,af3f2b07cedb9f7ba6cc58f6021fe95f,高科总部广场二期,两江新区,精确匹配
153384,1905183316846227457,时代广场二期,北碚区,292373079415d3267a1db822b52098f7,时代广场二期,北碚区,精确匹配
153385,1907628657289895938,九街高屋,江北区,98a0215eeebb821c43ed166a83f5bbcd,九街高屋,江北区,精确匹配
153389,1907272470082015233,光宇尊鼎国际,江北区,a7e264ec6e08fce67ca4a7c9cdaadc6e,光宇尊鼎国际,江北区,精确匹配
153403,1909548316398366722,恒大金碧天下D区,江津区,b5a269ae698a5725ebfc8f1fd62dabfe,恒大金碧天下D区,江津区,精确匹配
153408,1910141840726630402,涉外商务区一期,两江新区,e2ca5be696090d2082cd24407496b5d8,涉外商务区一期,两江新区,精确匹配
153409,1910144588872359937,瑞尔国际,荣昌区,e09838c75a2c911d6e8a40d7e7f9c100,瑞尔国际,荣昌区,精确匹配
153424,1909437630599049218,重庆江北嘴国金中心,江北区,911ce37b5c0e602d2ae9f3c5c468a778,重庆江北嘴国金中心,江北区,精确匹配
153432,1916755137815076865,天安数码城产业三期,大渡口区,6a33db0ceac3dccc42ed33e0bb17c34a,天安数码城产业三期,大渡口区,精确匹配
153435,1916741611419557890,重庆信达国际,两江新区,6c19be7e41efcedc78d4ee4e8019cb16,重庆信达国际,两江新区,精确匹配
153437,1916040747306389505,财富中心,江津区,aa5baa6dff3210331be3f8452b03e22c,财富中心,江津区,精确匹配
153439,1915734162621280258,重庆恒大中渝广场,渝北区,73e9d3beeaaf8441dbd0eed5cc691d7b,重庆恒大中渝广场,渝北区,精确匹配
153442,1914266564691951618,两江中迪广场,两江新区,da5ed747941be8f938299caed7ed3e2a,两江中迪广场,两江新区,精确匹配
153445,1913107013741486081,重庆两江国际云计算服务中心,北碚区,14d01770b356c852254b79d917643737,重庆两江国际云计算服务中心,北碚区,精确匹配
153451,1910986668951670786,涪陵建筑业大厦,涪陵区,30073dbd30af416f74577e5eeb44cdf1,涪陵建筑业大厦,涪陵区,精确匹配
153452,1911004925226061825,久桓城D区,丰都县,4e30bf10d86800028ba2b6e606373f62,久桓城D区,丰都县,精确匹配
153455,1922116386442657793,尚岭花园一二期,两江新区,9be1f9a1632a0dac6f8c824e56ea5192,尚岭花园一二期,两江新区,精确匹配
153456,1920287842817216513,凯比特大厦,两江新区,29a5c9511e569983f539a44133efece5,凯比特大厦,两江新区,精确匹配
153458,1917472374767181825,金融街·融景中心,江北区,354995102a63ae291c358d3827768606,金融街·融景中心,江北区,精确匹配
153459,1916745649376681986,大悦城项目,渝北区,58f3da6b0b9a82036c87cf3eb7b31cc0,大悦城项目,渝北区,精确匹配
153460,1917149005245014018,渝北商会大厦,渝北区,f92e00f71b80c87a1a799a16ea427ac1,渝北商会大厦,渝北区,精确匹配
153461,1917134406043000834,黄金坡智慧菜市场,荣昌区,77477cad3d3cb05fcadaf964b8a131a4,黄金坡智慧菜市场,荣昌区,精确匹配
153462,1917131835656069122,亿地商业街,大渡口区,2b15673fb41d81d8ff52460e5396f571,亿地商业街,大渡口区,精确匹配
153469,1940327235384647681,西部人才产业园,巴南区,fad042fad254eb6efbdf66148179a4ca,西部人才产业园,巴南区,精确匹配
153478,1942140374581465090,悦旭商贸城,梁平区,0e1def84a5e7c2acbbaf0c6ea62baa75,悦旭商贸城,梁平区,精确匹配
153483,1931895997242224642,重庆新闻出版智能大厦,渝中区,2c10d54c6f33a6f9a5494a3cbf2ed872,重庆新闻出版智能大厦,渝中区,精确匹配
153488,1929776845530542082,瑞苑小区*瑞源商街二期,江津区,a0439559878189609789500499b409e7,瑞苑小区*瑞源商街二期,江津区,精确匹配
153489,1928332641692495873,碧水云天,合川区,3112e6136906ff7b9aaf68fcab9dad68,碧水云天,合川区,精确匹配
153490,1928334302162923522,中慧·上上城三期（蔚蓝湾）,涪陵区,e2166929209a4369f149ce0af3fb9586,中慧·上上城三期（蔚蓝湾）,涪陵区,精确匹配
153491,1927968147422261249,志俊佳园,合川区,7f16e56220b19e5798c3378a95dadef8,志俊佳园,合川区,精确匹配
153492,1927968506039447553,丝绸佳苑,合川区,8dbbb483e7bd32455e2d049ff4db276a,丝绸佳苑,合川区,精确匹配
153493,1927977874084540417,金科天元道一期（一、二）组团,两江新区,f7042c26c18cadf2aaf70d5d63984cd7,金科天元道一期（一、二）组团,两江新区,精确匹配
153495,1928283415595921410,一米阳光,合川区,744ff2e3064b1a22421c4b9e22a2e686,一米阳光,合川区,精确匹配
153499,1930834038593892354,中城时代,双桥经开区,6a1d9ba63bf13cb6d9fe4ecf83a89744,中城时代,双桥经开区,精确匹配
153500,1930901925643890689,云篆丽苑,江津区,85be31bc8daf062231bda927621ca4df,云篆丽苑,江津区,精确匹配
153503,1929810815987167234,南星香居,合川区,d3ab26c2fb23a47eda7474bd3a975222,南星香居,合川区,精确匹配
153515,1935520961140781057,巴南华府明昱阁,巴南区,359c5bf6fdabbcdd9e11f5a109167b43,巴南华府明昱阁,巴南区,精确匹配
153517,1935532731477684226,开州维拉荘园,开州区,41aa768aff2539f2cd49a76f244ef4f4,开州维拉荘园,开州区,精确匹配
153518,1934832767432814593,恒福嘉园,江津区,6764e9a1a4b7c41b475183b49734eb53,恒福嘉园,江津区,精确匹配
153519,1934883357550604289,腾龙岭秀,南岸区,c8a450beac80faf36cae024d61a78a40,腾龙岭秀,南岸区,精确匹配
153520,1935147247828103170,巴南华府云邸,巴南区,ec7820115fb9a55a4b31fb99159f9e4b,巴南华府云邸,巴南区,精确匹配
153524,1935891635596361730,凯高·动漫广场,涪陵区,1facd5d6342a20c2f288990040c36f22,凯高·动漫广场,涪陵区,精确匹配
153530,1938145317557780481,学府水岸,大足区,ff2feb7586ba30ea35118f7403f5e11d,学府水岸,大足区,精确匹配
153539,1943206529471553538,怀旧年华·璧玉城,璧山区,6c31660af289dbc3030f8d34f719c164,怀旧年华·璧玉城,璧山区,精确匹配
153540,1941022788229746689,德江新里城小区,江津区,988579b029d2d52882720cc81f86a33c,德江新里城小区,江津区,精确匹配
153542,1940964298186510338,纯阳C组团,合川区,75b1639740f738d43d747e81089f2061,纯阳C组团,合川区,精确匹配
153548,1940318443620147201,锦绣华城,江津区,4c4cbeeaa75f112750164ca031c01669,锦绣华城,江津区,精确匹配
153554,1939527694674698242,江城丽都,潼南区,401122380b96cf2ad0737b6de2395933,江城丽都,潼南区,精确匹配
153565,1942025904127430657,美林雅居,涪陵区,82a0aa1ccd6bbc9e98e5a7368befd6b4,美林雅居,涪陵区,精确匹配
153740,1965353511937777666,东邦城市花园,荣昌区,1680f29e5a378a6677fe95a5410a6e34,东邦城市花园,荣昌区,精确匹配
153775,1917134074814619649,依云江湾三期,巴南区,7a8928d72543c88e3d5f9d7257645563,依云江湾三期,巴南区,精确匹配
153777,1917131486262157314,普惠·国际社区B区,綦江区,f5b161dd52c2aeeaec2742d29224be37,普惠·国际社区B区,綦江区,精确匹配
153785,1917141322001506305,香榭雅筑,大足区,f5573b20ef5fd906aaa08d7974c55d33,香榭雅筑,大足区,精确匹配
153793,1917392634878320641,海成百安学府,万州区,e9842c1e4e3c251f769442ce55bf096d,海成百安学府,万州区,精确匹配
153794,1917393904909377538,海成百安学府,万州区,e9842c1e4e3c251f769442ce55bf096d,海成百安学府,万州区,精确匹配
153800,1917117413852143617,世纪花城三期C1地块,丰都县,7f65f6fde10b5b83be78056ce03785d1,世纪花城三期C1地块,丰都县,精确匹配
153801,1917117702529310721,中国铁建登科府,綦江区,f83c4d47ddad80ae8d7a550ea290feeb,中国铁建登科府,綦江区,精确匹配
153802,1917117908247339010,枫山绣景,两江新区,44a16613f96aa19d12663aa5867bd4f2,枫山绣景,两江新区,精确匹配
153803,1917118317590437889,嘉和广场,铜梁区,89f9aa70328b8692463a6beac60c7151,嘉和广场,铜梁区,精确匹配
153807,1917108497869135874,立城.香山公馆,梁平区,803309f529f702cb57784b9899ab8e02,立城.香山公馆,梁平区,精确匹配
153810,1917105659965300738,金源小区,荣昌区,25f62ec6590e3a49eed35ca6759604bf,金源小区,荣昌区,精确匹配
153811,1917105688423653377,朗俊中心,渝北区,fd95ee13e3e31f13a91aeae50d390294,朗俊中心,渝北区,精确匹配
153823,1917039984148176898,涪陵新城区中央商务区公寓楼,涪陵区,3afe38a312e9f4ef0b6d48a8e5ed9418,涪陵新城区中央商务区公寓楼,涪陵区,精确匹配
153825,1917050676280516610,中博鸣玉央著,忠县,1bd571c365099c973dcd837b48bb6c71,中博鸣玉央著,忠县,精确匹配
153827,1917050890483621890,中博鸣玉樾府,忠县,e84ee1891aa806e98cf08bbba337285f,中博鸣玉樾府,忠县,精确匹配
153831,1917482590279786498,聚金万佳苑,九龙坡区,1a78899979ff20f1cc5bbe51b70f7f05,聚金万佳苑,九龙坡区,精确匹配
153833,1917502159367135233,迪鑫阳光天玺,江津区,2c3b30142a5841d00a4cda55914b7d3b,迪鑫阳光天玺,江津区,精确匹配
153845,1919939972855455745,亿桥易安居,綦江区,02b94143f751bc5de5f7cb2947681f88,亿桥易安居,綦江区,精确匹配
153848,1919645380947959810,盈彩美居,大足区,3b7837835009afd0e01f2618c4e63785,盈彩美居,大足区,精确匹配
153849,1919664070032580610,腾龙国际,大足区,9bc3bf20aa344443d7b6c0145463a453,腾龙国际,大足区,精确匹配
153850,1919649578846478338,香山江城,綦江区,3fb1862a3a08b519a57597ab5600df0b,香山江城,綦江区,精确匹配
153851,1919651110119759874,碧江景苑,江津区,0a30eb3481e4a5c78216416783717008,碧江景苑,江津区,精确匹配
153854,1919601402835853314,中华奥城,荣昌区,6507701bf4d9f3c9ff97af4ac6eec62f,中华奥城,荣昌区,精确匹配
153857,1919560902946807810,津城首府,江津区,c017dc7a4860d158f882f815f74ef7aa,津城首府,江津区,精确匹配
153858,1917512219136843777,燕山树人山水D区C栋,江津区,cecffff9976c969f05f3a305a2482352,燕山树人山水D区C栋,江津区,精确匹配
153859,1917514582375489538,沁园春,江津区,e03c4cced4f03d01081df96708681438,沁园春,江津区,精确匹配
153862,1920280260358639618,鸿新景苑,渝北区,c440346dccdb0e7b73da4648e0c00448,鸿新景苑,渝北区,精确匹配
153864,1920318923624878082,港龙.御景华庭,江津区,1d8935adf62dc31a3ebbf3f69b059983,港龙.御景华庭,江津区,精确匹配
153866,1920336457073889281,幸福里,江津区,7eebf4b2bac9fb9dbc2467d026f4dbfe,幸福里,江津区,精确匹配
153867,1920336621339611137,先锋星城小区,江津区,a0add87e21e0cf3ba148539d90afc4d7,先锋星城小区,江津区,精确匹配
153868,1920363213633818625,欧景新天地,涪陵区,86fd9fb1bf30c4158b37ff61c37e4942,欧景新天地,涪陵区,精确匹配
153872,1920034778084478978,崃山·云篆雅苑,江津区,bef049aee71412326cce5cc6682c5bd2,崃山·云篆雅苑,江津区,精确匹配
153873,1920036700547911681,御景江城,江津区,32d0f2827299d8c68707355ac7db8e4c,御景江城,江津区,精确匹配
153874,1920024629760430081,上城华府,潼南区,74835234880f7c572924da2b13ecbd32,上城华府,潼南区,精确匹配
153875,1920005010672783362,星月国际南区,綦江区,213f5742bbb6438247a8bee873ba2f93,星月国际南区,綦江区,精确匹配
153876,1920005327586004993,星月国际北区,綦江区,ab18d13ca0152ab4213338d1eb5a52e8,星月国际北区,綦江区,精确匹配
153877,1919960223445901314,荧鸿艾坪山1号,江津区,bd5773f5ea692c8eb30279a85bc07388,荧鸿艾坪山1号,江津区,精确匹配
153878,1919946014561624065,沿江花园,江津区,55db25ffa6f17ac31951b920fc96a585,沿江花园,江津区,精确匹配
153879,1921767878447476737,首创鸿恩国际生活区,江北区,1744c50c1ac37295af6ea889f0dd9d13,首创鸿恩国际生活区,江北区,精确匹配
153886,1920385031925075970,金马世纪港湾,北碚区,f09294941901d63f8a8e84218a6f812f,金马世纪港湾,北碚区,精确匹配
153889,1920659035197943810,二十四城二期,九龙坡区,8ba5aa4ebfb9743619f98ed7fa26ea3f,二十四城二期,九龙坡区,精确匹配
153893,1922172418544058370,北大资源博雅二期,两江新区,921cfe95756a4f28f3767a04eb5979f5,北大资源博雅二期,两江新区,精确匹配
153898,1922221846994829314,乐信云湖沉香康养度假小镇一期,南川区,e0b54af1e2a19498d808804b718152b5,乐信云湖沉香康养度假小镇一期,南川区,精确匹配
153903,1921856785277136898,英伦经典,合川区,fd592ebe41f6d3915cc2ad352b0af7dc,英伦经典,合川区,精确匹配
153924,1922492977496670210,奥园城市天地C区,南岸区,7004b517af9da9e275e907f589152694,奥园城市天地C区,南岸区,精确匹配
153929,1922475752169619458,奥园越时代CD区,南岸区,d506e687c21595e7b4d414a46e55ffc5,奥园越时代CD区,南岸区,精确匹配
153930,1922478882613575682,曦圆合众,巴南区,85a6cd544c28b3418213577a8817c679,曦圆合众,巴南区,精确匹配
153932,1922572253814276098,憧憬雅居,渝北区,96966cbe1d53c0b3a6d4efc80658f9d5,憧憬雅居,渝北区,精确匹配
153934,1922574709969338369,荣和世家,荣昌区,a50381b3650d6d637aef5b542b906a42,荣和世家,荣昌区,精确匹配
153937,1922591434735566850,华润·润西山二期,高新区,212019aae27a1ae82d984aa356911b16,华润·润西山二期,高新区,精确匹配
153938,1922592317728833537,双子天街,巫溪县,cb86e321d798bd565c7c4034a46d3779,双子天街,巫溪县,精确匹配
153944,1922948389605949442,融汇9期香山美墅,巴南区,a4fa95745b4bbc15e653c51953735f85,融汇9期香山美墅,巴南区,精确匹配
153948,1922906978135261186,川渝特色旅游综合交易市场,永川区,4077ee41aefb7b3bd47a7dbadaa04d10,川渝特色旅游综合交易市场,永川区,精确匹配
153951,1924280778089250818,富力城二期第一区（2P）,高新区,c883486b2f40ac3df51de54a3bee91a3,富力城二期第一区（2P）,高新区,精确匹配
153956,1923589174286303233,天空之城,永川区,1cdeb8de5a5d6410a8c0ec8c084a611d,天空之城,永川区,精确匹配
153959,1923283474452529153,名豪商贸区,梁平区,f9857c75b6b138e3aff18ea62bd172ba,名豪商贸区,梁平区,精确匹配
153962,1923223628931874818,重庆·绿岛中心一期,璧山区,2c901da393cf4aeb0193d3e6dcc813e5,重庆·绿岛中心一期,璧山区,精确匹配
153963,1923185871463333890,天山明珠,綦江区,67eeb3bcd665752bbc8d97436c7d314f,天山明珠,綦江区,精确匹配
153964,1923186532741496833,恒都世纪花城,綦江区,74a4fd2b54ae8645dcf6f8f336d5a63b,恒都世纪花城,綦江区,精确匹配
153965,1922955770830209025,融汇12期格林美地,巴南区,fea9537a396f198d3667ffdc70c00cd3,融汇12期格林美地,巴南区,精确匹配
153966,1922956214772121601,融汇7期爱窝,巴南区,d0a4baad1857093ffad411720ccc5474,融汇7期爱窝,巴南区,精确匹配
153967,1922956421832327170,融汇8期艾德公馆,巴南区,4b01717b8858c285e35088562ae096a7,融汇8期艾德公馆,巴南区,精确匹配
153968,1922957155105718273,碧桂园（翡翠郡、天玺台）,巫溪县,c9e4553224434ae3c7deb616566bcdbd,碧桂园（翡翠郡、天玺台）,巫溪县,精确匹配
153970,1922958327740841986,滨圆国际E区,巫溪县,ad07bf373ba4ee76fb56b90b1a2a55f3,滨圆国际E区,巫溪县,精确匹配
153971,1922962536691351554,水园商城,巫溪县,85ad65f2aaae4a75c0569893c9bf2764,水园商城,巫溪县,精确匹配
153972,1925023199668420610,李渡新城天街,涪陵区,b3f478b1ee1a7bddf8b2cfcbbc4822cd,李渡新城天街,涪陵区,精确匹配
153976,1925070118507724802,清逸佳园,合川区,9e221e964db9018a0a2892b3662d541f,清逸佳园,合川区,精确匹配
153978,1925123592364703745,雲湖天地,梁平区,0fac9459955aff783ed315366cb8849e,雲湖天地,梁平区,精确匹配
153981,1925833122438426625,山水逸城A68-1地块,南岸区,e4d5b6daf2574568abfe78293ef95341,山水逸城A68-1地块,南岸区,精确匹配
153983,1925755938004774913,金阳第一农场(一期）,高新区,9db8f12582ab50d78840c38808d3abd3,金阳第一农场(一期）,高新区,精确匹配
153988,1925462357734014977,帝豪名都,大足区,436aaf6d345992774a657bb7311b72a1,帝豪名都,大足区,精确匹配
153996,1926108047573233666,清平镇又见炊烟小区,合川区,86ffe43d1d8dbe7e499bc92e5ffb48e5,清平镇又见炊烟小区,合川区,精确匹配
154001,1927568421723987970,渝庆新苑,合川区,c577ec060376f2a37652707d7aec8fbe,渝庆新苑,合川区,精确匹配
154002,1927569850438148097,鼎盛好旺阁,合川区,e8adbd7c917c470dde22840518b3c3dc,鼎盛好旺阁,合川区,精确匹配
154005,1927251367733125122,华夏佳和苑,两江新区,2652062eb16b7bc21bdf8c77fc29617a,华夏佳和苑,两江新区,精确匹配
154007,1925856909967994882,高科江澜（三、四期）,两江新区,5327617b24ffc48683b7a1f667793758,高科江澜（三、四期）,两江新区,精确匹配
154008,1925857241053769729,高科江澜（一、二期）,两江新区,f574f973aa14ff93a4ed1020e9c6eb7e,高科江澜（一、二期）,两江新区,精确匹配
154014,1924794820876779522,二郎印象,合川区,6311903af1dc546fcebf353241eb1c8b,二郎印象,合川区,精确匹配
154015,1924795642058588162,龙川北郡,合川区,c7ff424a925d0927aaa2b92a83eb8d54,龙川北郡,合川区,精确匹配
154021,1924999334279987201,康桥名都,垫江县,db42324e3f1c6831ddb75cc62cc6863c,康桥名都,垫江县,精确匹配
154022,1924712536412733441,贵丰公馆,黔江区,3ebe4ab9f88f9e3941eb5edc795691fd,贵丰公馆,黔江区,精确匹配
154024,1924719043242049537,浩立阳光花园,巴南区,2a4030ec7e73bab3a5bf3b02a5574d20,浩立阳光花园,巴南区,精确匹配
154027,1924711912522596354,银翔城·盛世豪庭,合川区,a66a710b97bcd55a83a99cecd4e9422c,银翔城·盛世豪庭,合川区,精确匹配
154028,1924683037021257730,帝豪南城国际,巴南区,78bf4840984a573a81374e3169caa452,帝豪南城国际,巴南区,精确匹配
154030,1924708674490548225,轩逸·御景豪庭,合川区,7077ae2110b2d7f9529fdf0744efea30,轩逸·御景豪庭,合川区,精确匹配
154031,1924708913830117377,巨新雅苑,合川区,16b77e08c1d18798d9cdf165f097c4f3,巨新雅苑,合川区,精确匹配
154032,1924709293196525570,阳光佳苑,合川区,bd758e1c5c790df55119512c45607fd8,阳光佳苑,合川区,精确匹配
154033,1924709473442545665,银翔城·盛世悦庭,合川区,f3ef8abb12f716ba3ff9bb83699eef1d,银翔城·盛世悦庭,合川区,精确匹配
154034,1924399998802280450,中央华府,垫江县,688532039c064148815d6ab857d5930d,中央华府,垫江县,精确匹配
154035,1924306825484648450,天湖·公园里,丰都县,bc42b650df65adc504c68a5735a39bb9,天湖·公园里,丰都县,精确匹配
154038,1924364679688175618,湖悦天玺,梁平区,5004d3e25b63d9120f71e91268fc5be4,湖悦天玺,梁平区,精确匹配
154040,1924308572164800514,南天湖·山与墅,丰都县,28507ef3f75998744bafc0bf6d724a86,南天湖·山与墅,丰都县,精确匹配
154041,1924308894811635714,鑫湖·湖畔云岭,丰都县,128969749fe90ec475e9ed99f3b8afbc,鑫湖·湖畔云岭,丰都县,精确匹配
154042,1924309696049528834,南天·布莱顿,丰都县,d7bcb7fd619ee46f22634c8e959c8dd4,南天·布莱顿,丰都县,精确匹配
154043,1924311431728021505,丰都县名湖·假日风情房地产开发项目,丰都县,5cf119e24fc6ba75c28c412de95af7e6,丰都县名湖·假日风情房地产开发项目,丰都县,精确匹配
154044,1924303586076868610,麒麟·花园商住小区,丰都县,0fc9a7df3b7796bf4cc73e869f065329,麒麟·花园商住小区,丰都县,精确匹配
154046,1924300080980901890,富荣·海上海,丰都县,2c8a2c3d1fe1e9c4d77b3f28e9696187,富荣·海上海,丰都县,精确匹配
154058,1911005095959400450,久桓弘廷,丰都县,958301cb9f9b716624a12abce4c44ac9,久桓弘廷,丰都县,精确匹配
154060,1911005606209064961,久桓城中央美地,丰都县,1a7e2c465fe104db28ee60967c25d995,久桓城中央美地,丰都县,精确匹配
154061,1911072803979689985,北斗星辰,丰都县,b3509eaadc9326b8f5d46d2dceef9ebc,北斗星辰,丰都县,精确匹配
154062,1911075962936524802,金地水天城,丰都县,c59b854d82596e8089250b1939da97b9,金地水天城,丰都县,精确匹配
154063,1911081873491001346,世纪星辰,云阳县,25fe82a9a2eee95c781b3a39b4bcac3e,世纪星辰,云阳县,精确匹配
154066,1911590314059923458,攀华未来城,涪陵区,0b2782733f52b8b934a82b69ee185cab,攀华未来城,涪陵区,精确匹配
154068,1911265852647178242,君领西城,大渡口区,983f048b53e2e3949a80cd438834416e,君领西城,大渡口区,精确匹配
154069,1911295074266677250,久桓星城,丰都县,db256280983080c36536d965a8d8c4e7,久桓星城,丰都县,精确匹配
154070,1911324862326931457,天湖国际,丰都县,f1fd35bcc98f57ee70b97391837f20ce,天湖国际,丰都县,精确匹配
154075,1911595826075828226,华峰晶蓝江岸,涪陵区,830244643cde5133b936db6fc8731192,华峰晶蓝江岸,涪陵区,精确匹配
154077,1911600038822182913,名典阁,垫江县,7f0b066c477f88b50eb664541ed89f80,名典阁,垫江县,精确匹配
154078,1911600781968965634,天生天城,万州区,8fd1bb81307e69b51dbfc3d903833133,天生天城,万州区,精确匹配
154079,1911601562356973569,晋晟.尚品城,开州区,3d8be349ab3248969773863cbd686aba,晋晟.尚品城,开州区,精确匹配
154084,1911003538765320193,联发龙洲湾1号,巴南区,9348ed8352065c17927cbb8698735321,联发龙洲湾1号,巴南区,精确匹配
154090,1910978923720544257,丰都古城项目,丰都县,2c901da09402ab94019406d4c7c60765,丰都古城项目,丰都县,精确匹配
154094,1910947375608696833,城投.紫金庄园,云阳县,322cfc20122b641e6b46f007e9150745,城投.紫金庄园,云阳县,精确匹配
154097,1910925067380789249,荣安明月江南,巴南区,52af7cde0ccce976a6ca4fba148b6320,荣安明月江南,巴南区,精确匹配
154098,1910930691946647553,丹湖时代城,垫江县,61913ef836454688e2a5601e1182fa0b,丹湖时代城,垫江县,精确匹配
154100,1910888689469165570,龙城华府,丰都县,2c901da693d403e40193d8b40412533b,龙城华府,丰都县,精确匹配
154103,1910882926189285378,蓝天锦园,万州区,675d1d0991c683d7233624ce1eb5c96f,蓝天锦园,万州区,精确匹配
154105,1910875424768856066,贵博翡翠湾,丰都县,b5230d7270ebf5d269943c8a578e618d,贵博翡翠湾,丰都县,精确匹配
154108,1910850584477372418,金科天湖印二期,开州区,a9308715a4156c1779071086cf341b68,金科天湖印二期,开州区,精确匹配
154115,1910612437491458049,仙女湖1号,丰都县,47310deb781e148777d845ff67928f5c,仙女湖1号,丰都县,精确匹配
154118,1910605607247749121,复地山与城（三期）,南岸区,c214f8f305c0227724771433d9647de9,复地山与城（三期）,南岸区,精确匹配
154119,1910602124880715777,佳特凤凰湾,丰都县,2c901da393dc9c8d019401e5ad2247ce,佳特凤凰湾,丰都县,精确匹配
154121,1910593571419791361,光华安纳溪湖,南岸区,945a2ed886402984c7a2a3424bb306d3,光华安纳溪湖,南岸区,精确匹配
154123,1910599231242969090,麒麟名城,丰都县,5040c6bb052e869910b7c69e95d82edb,麒麟名城,丰都县,精确匹配
154124,1910599842269175809,贵博东方明珠,丰都县,90172ad30651ec6bb10b516360f52100,贵博东方明珠,丰都县,精确匹配
154126,1910587059079159809,万汇城,万州区,45d088b6b92e21a4b7a4ee3c2604e58c,万汇城,万州区,精确匹配
154127,1910588758267207682,善群.天秀龙湾,永川区,2fa889f2575615066ab0584b84648963,善群.天秀龙湾,永川区,精确匹配
154128,1910591386694918145,天秀锦地,永川区,213022db31ad54e7c65a41ac838584d5,天秀锦地,永川区,精确匹配
154132,1911982473451872257,嘉裕国际社区,江津区,66064b7d6c3acadcfaf62f6264b57023,嘉裕国际社区,江津区,精确匹配
154137,1911987303578804226,重庆财信中梁首府,江津区,5056d7c5cf9474839210470574dfea3e,重庆财信中梁首府,江津区,精确匹配
154141,1911731396219432961,豪洋名居,大足区,f8c381234910a4f156764a77492f735b,豪洋名居,大足区,精确匹配
154142,1911735440363167745,阳光鑫城,大足区,a24bdb61b11ed7dc8f6d4dd6a6717e68,阳光鑫城,大足区,精确匹配
154144,1911950658276106242,华盛名都,涪陵区,c4e88392761ecf07cac374ceb6d0ba6d,华盛名都,涪陵区,精确匹配
154145,1911951673322840066,城市星光,涪陵区,10d64a0e9f2de3ce364e40d18f15f3d0,城市星光,涪陵区,精确匹配
154150,1912320644068843522,晶瑞大厦,两江新区,545216bc933684fb6691c3bbeef239b2,晶瑞大厦,两江新区,精确匹配
154151,1912321322904363010,华郁金城,云阳县,79e6d8f9fcf30257362411ec4b6d1e57,华郁金城,云阳县,精确匹配
154159,1911708890276229122,曦圆创景,巴南区,12cf350879ee3d12b087e5e181a90710,曦圆创景,巴南区,精确匹配
154160,1911715568455446530,腾龙居二期,江津区,6dbddddce3755bf67af40a65bd609620,腾龙居二期,江津区,精确匹配
154161,1911716971957645314,重庆中心,渝中区,9706b3815980f5ecbf711772b72e2140,重庆中心,渝中区,精确匹配
154162,1911718118630027266,泽科御峰,大渡口区,96513c46a6a118a966b50a08d3f65604,泽科御峰,大渡口区,精确匹配
154166,1911700233631232002,华岩陶瓷市场·永林汇,九龙坡区,09352dd7e7576a1fdf66b45fb0cddff9,华岩陶瓷市场·永林汇,九龙坡区,精确匹配
154170,1911694570989481985,熊猫公馆,渝中区,19a65a8bf7ec1381f006217b35b3f4b9,熊猫公馆,渝中区,精确匹配
154176,1911680766511607809,景瑞蓝溪谷地,沙坪坝区,2388401f6a1fc76c3e14e113e7fcbd78,景瑞蓝溪谷地,沙坪坝区,精确匹配
154177,1911678099592769538,子同街,潼南区,16d49297faddc10897c948f68af6b01f,子同街,潼南区,精确匹配
154178,1911663918294401026,中梁和苑,巴南区,e318dc42fc2c242fc26e4006f3a6af17,中梁和苑,巴南区,精确匹配
154179,1911671222553210882,潼南红星美凯龙吉盛伟邦商业广场（红星里小区）,潼南区,42649fb574d4af2753051b397aef4387,潼南红星美凯龙吉盛伟邦商业广场（红星里小区）,潼南区,精确匹配
154182,1911623389036838913,垫江碧桂园,垫江县,68f6cd3e119d7053aef867df3f2944d6,垫江碧桂园,垫江县,精确匹配
154185,1911620144637837313,金升花园,云阳县,97b97433c616eb14b31b7e4cdc5f7f68,金升花园,云阳县,精确匹配
154193,1911609091132653570,龙头景苑,渝北区,5782d52f25c1476b884f309ecdb66769,龙头景苑,渝北区,精确匹配
154203,1912429750964363265,滨洲上城,忠县,4844b6df1ee816f8e4a0748686990bcb,滨洲上城,忠县,精确匹配
154204,1912430448309346306,桥达·漫生活街区（二期、三期））,涪陵区,805e50a2996fdb43f862608e8ffe17b6,桥达·漫生活街区（二期、三期））,涪陵区,精确匹配
154210,1912413818128867330,青河苑,奉节县,8d769bbfc0537ba413b5e6773598f85b,青河苑,奉节县,精确匹配
154214,1912683316505387010,西南建材城,大足区,0b2fc6784d1328a4d69b64226e810441,西南建材城,大足区,精确匹配
154217,1912702999417757697,千叶中央广场,双桥经开区,5326f6c79a4bf5fec38652a0d284cf81,千叶中央广场,双桥经开区,精确匹配
154220,1912400004633239554,明悦天街二期,垫江县,6094cb2dec8f6f724ad01b9aafd7f50e,明悦天街二期,垫江县,精确匹配
154226,1912389847182385154,中渝·都会首站,渝北区,b6ee1596b92cb2d0f15e6e13f3474bd8,中渝·都会首站,渝北区,精确匹配
154229,1912345314310660097,重庆华岩（国际）酒店用品城.永明荟,九龙坡区,17234ed8e05d6c2450518e4dc1fd46f7,重庆华岩（国际）酒店用品城.永明荟,九龙坡区,精确匹配
154230,1912345554799468545,友锦广场,涪陵区,5306227a452f3828e2523829e6041229,友锦广场,涪陵区,精确匹配
154231,1912324069854715905,水岸星座,巫山县,eb86e6f87700c73d6ccde39d9e5e3801,水岸星座,巫山县,精确匹配
154236,1913120522776780801,绿洲华府,九龙坡区,14e6a9cca068c33bfa4a4ea4bf882ad6,绿洲华府,九龙坡区,精确匹配
154239,1913128458076987393,重庆同创鸥翔云湖郡,九龙坡区,1a6ee93c23ccc16839f3ddec69eb3007,重庆同创鸥翔云湖郡,九龙坡区,精确匹配
154244,1913071627178778626,渝景新天地,九龙坡区,fc11ac04101f9b98f8d87fa0de17d81f,渝景新天地,九龙坡区,精确匹配
154246,1913037734924951554,千叶中央广场2期,双桥经开区,2ad83e3084bbc6c6095a64e911a3d3de,千叶中央广场2期,双桥经开区,精确匹配
154247,1913043610498932738,万古印象,大足区,8fe6e04ecf25d4b15922ccd406080c0a,万古印象,大足区,精确匹配
154248,1913043870881325057,蓝湖国际,大足区,9e356d32d72b9d99dc4d8ed3d395a45a,蓝湖国际,大足区,精确匹配
154253,1912773353418956802,融俊城,大足区,a1b0818948abbee3301c4e34ebca5ae8,融俊城,大足区,精确匹配
154254,1912781159584931841,书香华府,垫江县,e949326aef60e7576d62c142dae175cf,书香华府,垫江县,精确匹配
154259,1912421267539927042,景瑞西联社,九龙坡区,ecb6ea4f41faaffce0de51446933ccdb,景瑞西联社,九龙坡区,精确匹配
154262,1914163833063014401,志龙花园,江北区,845981e4d6975f7c950c098712cdcbf0,志龙花园,江北区,精确匹配
154265,1914137084338044930,海棠春天A区,大足区,0b1c12e9871fa70d5472274de97a6502,海棠春天A区,大足区,精确匹配
154267,1914140477219602433,香山国际A区,忠县,eab3b595654bb0f6e67682cf210e1684,香山国际A区,忠县,精确匹配
154270,1914142306955362305,领秀滨江,忠县,5d0cfa0b3d4a282e24f70dd5f1258112,领秀滨江,忠县,精确匹配
154275,1914224842851155970,聚金茗香苑,南岸区,a873bda8da64619d4d6727b4809f73f2,聚金茗香苑,南岸区,精确匹配
154278,1913455995441315842,中辅.西引力,九龙坡区,6f00fe295c3397b9a8c0d0774615dc1a,中辅.西引力,九龙坡区,精确匹配
154285,1912675410728886274,桥达·千江樾二期,涪陵区,a83e6895ddebac4aab7505911f140652,桥达·千江樾二期,涪陵区,精确匹配
154286,1912675924354965505,桥达·千江樾三期,涪陵区,02b2eab75ccd1fe4321de4fcca88c9aa,桥达·千江樾三期,涪陵区,精确匹配
154292,1913144276789665794,金凯致雅居,大足区,ac3f5a8ea3d2309f472e33fab89a273c,金凯致雅居,大足区,精确匹配
154293,1913144709989965826,盛世龙成,大足区,927677fd93bdaf0e9aa31a2f3d1ce62b,盛世龙成,大足区,精确匹配
154294,1913135716781432833,永川区桂山公园片区棚户区改造项目一期,永川区,e3fc8010e5e532b4bc080dc20fb1e0f5,永川区桂山公园片区棚户区改造项目一期,永川区,精确匹配
154307,1914492626675892225,滨江新城A区,奉节县,383a1cdf39de03042a96568e8fde47e1,滨江新城A区,奉节县,精确匹配
154308,1914536019783254018,御湖新加坡社区,璧山区,cd376983a7c6e2658a1114acaf7d476a,御湖新加坡社区,璧山区,精确匹配
154309,1914548581941837825,南极凤麟苑,两江新区,a43c11cd72b50e8175607571194b581a,南极凤麟苑,两江新区,精确匹配
154312,1914535208420311041,久桓中央美地,璧山区,1f062424ed0f6bf8854693b894310d10,久桓中央美地,璧山区,精确匹配
154313,1914887177278259201,黎香湖,南川区,52431aadfa2a01c295568085c9945d72,黎香湖,南川区,精确匹配
154315,1914603106199339009,中建·滨江星城四期,巴南区,d2b28f614d9d7bbed915c75bdb9c8c24,中建·滨江星城四期,巴南区,精确匹配
154318,1915697190754267137,碧桂园渝南首府,巴南区,6b30bc5ca28b2fd7c6f9f6e07c92a789,碧桂园渝南首府,巴南区,精确匹配
154320,1915694372194562049,中建璧山印象一期,璧山区,03aabc30f45342f388934320069662a1,中建璧山印象一期,璧山区,精确匹配
154321,1915694452330934274,汇祥林里3000二期(香芷汀兰),渝北区,078deb0c9430183d611c0a80512cda39,汇祥林里3000二期(香芷汀兰),渝北区,精确匹配
154323,1915681255876145154,邑品观邸,梁平区,4e90361e894a7a4c9cd3313069feb9cc,邑品观邸,梁平区,精确匹配
154324,1915675332147359745,协享未来城,城口县,4c0c2826c9115dcad4bbf28f60753d89,协享未来城,城口县,精确匹配
154326,1915664975123132418,和平苑,城口县,1329efbbb9820e3627075c8572fac30f,和平苑,城口县,精确匹配
154327,1915740399907844097,中甬优米优米小区,大渡口区,73dffec240a92d85cfb4a31851bcf02a,中甬优米优米小区,大渡口区,精确匹配
154330,1915728550046937090,上城中央一期,北碚区,b0984af7f3571ca24ed92fc1b2cfe8b3,上城中央一期,北碚区,精确匹配
154334,1915719515516121089,沙坪坝组团G分区G16-3-1/04、G16-3-2/04地块项目（万科·星光天空之城）,沙坪坝区,26bcbcae9a00f8c94ee5ac72f793ed42,沙坪坝组团G分区G16-3-1/04、G16-3-2/04地块项目（万科·星光天空之城）,沙坪坝区,精确匹配
154336,1915712340475457537,西庭佳苑,合川区,ca0fc323c8e9cf66c9c414acb2d2dc49,西庭佳苑,合川区,精确匹配
154342,1915706754744659970,铺金丽城,大渡口区,5ba317383781b899ebc3704f3d528e2f,铺金丽城,大渡口区,精确匹配
154344,1915705822808059906,琨洲华府,江津区,bee0c0516f06f805801df9a914916dce,琨洲华府,江津区,精确匹配
154346,1915655007561003010,泰吉滨江一期,北碚区,bc8050fb0ed2605ea757a9051c259a76,泰吉滨江一期,北碚区,精确匹配
154347,1915659164493754370,铜梁印象,铜梁区,1251b406dd5e2572d6043e354692de1e,铜梁印象,铜梁区,精确匹配
154350,1915643674450890754,嵘尚大观天下,南川区,c4fa61fee5c029d3dd2a41ef66bb13df,嵘尚大观天下,南川区,精确匹配
154354,1915599666999627778,金科天壹府二期,璧山区,c9298a0d92fdb64ebd32039fedf9b2fb,金科天壹府二期,璧山区,精确匹配
154357,1915595357050277889,橙都印象,奉节县,5897f8f4ebfeb59ee20c0606501beddf,橙都印象,奉节县,精确匹配
154362,1915304730991431681,天怡碧桂苑,南岸区,3bd77b903babf94fc347dffe21336f6f,天怡碧桂苑,南岸区,精确匹配
154369,1915218255507525634,恒大新城3/4期,巴南区,3b1d52e5b20b37ee10ea276a9cfcc511,恒大新城3/4期,巴南区,精确匹配
154372,1914974990589952001,伴山壹品,垫江县,c27c3cd92afddd23cf615011eca82516,伴山壹品,垫江县,精确匹配
154374,1914965966750416898,蓝湖玉墅,垫江县,60c93769876d4a421f56c259d233ad9b,蓝湖玉墅,垫江县,精确匹配
154375,1914968127211241474,明庆东方财富中心,垫江县,2c167ae511923071fd4b41c5d434b14c,明庆东方财富中心,垫江县,精确匹配
154376,1914970379351162882,德能星都,垫江县,360384e3034a200c706f8a098ed89f13,德能星都,垫江县,精确匹配
154377,1914974029075120130,鼎邦浔院,江津区,a6c16bdcc5732ec1575aa94fbd29d775,鼎邦浔院,江津区,精确匹配
154378,1914932687133409282,象雄花园（西藏阿里干部职工重庆安置经济适用房）,南岸区,5c451c87893ba955fe0b263acb85c3bc,象雄花园（西藏阿里干部职工重庆安置经济适用房）,南岸区,精确匹配
154382,1916039177009303554,巴山星韵,九龙坡区,d8e2f28d427145f32e61ee3e6327a1b1,巴山星韵,九龙坡区,精确匹配
154383,1916039305115930625,名流印象,北碚区,b3cd70be837a1f73e2a7d9331ee92a37,名流印象,北碚区,精确匹配
154392,1916015270294392834,北国风光B区,铜梁区,51e46a470f15de3601953a0f93d8c7e5,北国风光B区,铜梁区,精确匹配
154395,1916300013456003073,天湖小镇,涪陵区,87ff1cc452bf438c5d716758ee28397f,天湖小镇,涪陵区,精确匹配
154396,1916300583713574914,之江名苑,涪陵区,403d8c3cfb66058e8c590e244205e953,之江名苑,涪陵区,精确匹配
154398,1916302438409637889,桂沁园,云阳县,15208255fe99d8f65d0f415bdd8f4ef1,桂沁园,云阳县,精确匹配
154400,1916091924127617026,锦绣华城,渝北区,96acd610da9150d373170e7d1e25ec45,锦绣华城,渝北区,精确匹配
154401,1916068238343475201,叠彩西城B区,九龙坡区,6f08e63a3d83416252b7e3f85c8b98a7,叠彩西城B区,九龙坡区,精确匹配
154403,1916059175379472385,乔鹤西苑,九龙坡区,2ec47a549d0f7ad633b51e21f5d4fc4d,乔鹤西苑,九龙坡区,精确匹配
154415,1915997884627488770,凯旋名城,潼南区,4afe117e99922c3856615c0865453637,凯旋名城,潼南区,精确匹配
154417,1915979531120742402,嘉瑞广场,潼南区,7dcd636b6c985409cea7270e69a49b17,嘉瑞广场,潼南区,精确匹配
154418,1915981256032456706,和威山千院,高新区,1c02f3e09265c5848bcd4407db1f3c6f,和威山千院,高新区,精确匹配
154421,1915971298985447425,曦圆南城,巴南区,92a0533a6a4173b9e7e8e324b42e318e,曦圆南城,巴南区,精确匹配
154423,1915974471687016450,合川区隆帆.城中央,合川区,0ceff2bc026cc7f39c651d0f68d46967,合川区隆帆.城中央,合川区,精确匹配
154429,1915961969897050113,金剑花园三期1、2、4号楼（金剑华府）,璧山区,263d9660f3a3e8f43b385061f78c6e52,金剑花园三期1、2、4号楼（金剑华府）,璧山区,精确匹配
154430,1915937082922962945,中建璧山印象二期,璧山区,84e53a85a980150435b1f438ef5e6532,中建璧山印象二期,璧山区,精确匹配
154433,1915751931794370562,龙城宏翰,城口县,2e461baf086bc62760bb64cbb7f804e9,龙城宏翰,城口县,精确匹配
154434,1915752274343178242,锦尚佳园,城口县,b695e48f7522fc81d2f4557cc07c4f96,锦尚佳园,城口县,精确匹配
154436,1916409048960274434,重庆早晨,江北区,1a6235935074ac049c05d7435e8a964a,重庆早晨,江北区,精确匹配
154442,1916389432439541761,佳合锦绣城,城口县,12be7532ccfd3f081767e0d8046b9539,佳合锦绣城,城口县,精确匹配
154445,1916403686618107905,花溪御府,巴南区,79c64b9754afbfd5991880239a7e2d3f,花溪御府,巴南区,精确匹配
154447,1916397372428980225,蒲吕工人新村,铜梁区,0e4de067942f30885acd024c6be05371,蒲吕工人新村,铜梁区,精确匹配
154452,1916438535227772930,江津金科集美郡,江津区,7f45bf5823f6e2bdad1e51662d8b14cf,江津金科集美郡,江津区,精确匹配
154453,1916439792621391874,御璟台,江津区,6e51bc8f8822e6d533f61600c620a681,御璟台,江津区,精确匹配
154456,1916426766971244546,海棠国际,大足区,248bc86dab72a56968fcdae513011318,海棠国际,大足区,精确匹配
154459,1916423848893288450,半山府邸,江津区,04ed02487930d0101322db394bb82998,半山府邸,江津区,精确匹配
154466,1916387970779123714,晋晟.尚品城,开州区,3d8be349ab3248969773863cbd686aba,晋晟.尚品城,开州区,精确匹配
154468,1916344187664404481,尚品忠州,忠县,63b2f11f4a6fc157ec7a9dff70fd63c5,尚品忠州,忠县,精确匹配
154469,1916383133559623681,帝景摩尔,南岸区,3a3f347e12d28210dc7f50407c879b26,帝景摩尔,南岸区,精确匹配
154476,1916337886926409729,渝能新城,潼南区,abee3eaaaea3d1f89cb8424d5b9a5268,渝能新城,潼南区,精确匹配
154485,1916320450445512706,蓝光帕提欧,南岸区,f7e9d12e5cf9fd50b03ab493c9763bec,蓝光帕提欧,南岸区,精确匹配
154486,1916320904231456769,锦绣江南,铜梁区,3e56cf68d7c8ceb11080d9d877be0029,锦绣江南,铜梁区,精确匹配
154492,1916315057837248514,玉溪锦城,忠县,12baf7aec3e0c7a790e41002265d1057,玉溪锦城,忠县,精确匹配
154493,1916314298391400449,东邦小悦湾,巴南区,fa691b68af784e093af8c0937757167a,东邦小悦湾,巴南区,精确匹配
154495,1916312023451242498,金科视界城,荣昌区,0cb3b32c1eaab9e61574f33e5503e4f2,金科视界城,荣昌区,精确匹配
154496,1916068638945644545,爱琴海四期,北碚区,b2fadc1887f6984bea40997976a14921,爱琴海四期,北碚区,精确匹配
154501,1916752056251539458,西城新时代,长寿区,d165f989b489fa4e53b1f21339eea7b6,西城新时代,长寿区,精确匹配
154504,1916758405660237825,林城怡园,巫溪县,108e98a0adfa2b8ecf1f9f49bfdd1f09,林城怡园,巫溪县,精确匹配
154505,1917035760844759041,光亮都市佳苑,高新区,7828294d610e5216fa06a8510d8c9621,光亮都市佳苑,高新区,精确匹配
154509,1917027213759176705,雍锦华府,双桥经开区,c4939abb3b79cc1f3619054ddd78705b,雍锦华府,双桥经开区,精确匹配
154510,1917028244500996098,祥和雅苑,綦江区,68d6a19a9c30b0223b33fa2a041fcb42,祥和雅苑,綦江区,精确匹配
154511,1916887237918679041,欧博星座,合川区,47d8ff1374c419d32b7b912f3f25dc9f,欧博星座,合川区,精确匹配
154516,1916786079631892482,俊豪观棠府,荣昌区,283c89cce48adc912a521970e5203261,俊豪观棠府,荣昌区,精确匹配
154517,1916778397575372801,雅居乐（十里花巷）,九龙坡区,93fb1d7ebb3bde3c03ab8932c827063d,雅居乐（十里花巷）,九龙坡区,精确匹配
154521,1916783422183792641,俊豪嵘盛里,荣昌区,2c901da193dc9c0d0193ddead0b804d1,俊豪嵘盛里,荣昌区,精确匹配
154534,1916692678165094402,御景豪阁,江津区,94dfcf193f3c251c029cfdb2ae1f216b,御景豪阁,江津区,精确匹配
154536,1916687722443923458,国宇.学府雅苑,云阳县,3b17ef37e443e37914c8f1db0a305392,国宇.学府雅苑,云阳县,精确匹配
154537,1916688180713578497,协润凤凰世纪城,永川区,4366cf18384f028a3c7706442ed311f3,协润凤凰世纪城,永川区,精确匹配
154540,1916473219378778114,金科世界城,江津区,2c815e3ef4008a22d1819881ffa345b0,金科世界城,江津区,精确匹配
154541,1916474994999627778,蓝桥圣菲,大足区,c63790c0207cb5c19c9a3d5079edfe0c,蓝桥圣菲,大足区,精确匹配
154543,1916666974824259585,桂香苑,北碚区,49b6bb7d3615caa8fa789d6e9510a41d,桂香苑,北碚区,精确匹配
154544,1916667211450114050,南城天地,合川区,10aadb6122e4bf70427ae9a7ffd06ed6,南城天地,合川区,精确匹配
154548,1916661378255380482,滨江国际C区,奉节县,7ef3d47b32c88583dc57d6cc6f440637,滨江国际C区,奉节县,精确匹配
154549,1916662004670488577,滨江国际B区,奉节县,54da7ab8b2d43af3a4f8f345dbc784de,滨江国际B区,奉节县,精确匹配
154556,1907781891698630658,海龙居,两江新区,7cc51d28985e8481029f7aac4e633ea5,海龙居,两江新区,精确匹配
154559,1909084611739037698,杰信雅邻,巴南区,695abd2feac441f75b9fdca5e55c6a23,杰信雅邻,巴南区,精确匹配
154564,1909155526267023362,互信星座,南岸区,51161800a8b9f763bd26c64ecd4bbe4d,互信星座,南岸区,精确匹配
154566,1909186531010981890,爱与山A、B区,大渡口区,60a54bf6fad3145e04378fb7d1acf177,爱与山A、B区,大渡口区,精确匹配
154577,1909438763467976706,来福士,渝中区,94e1f97ccd69150275498dfa328c694e,来福士,渝中区,精确匹配
154582,1909439577662074881,荣融未来城,开州区,68c5ad518107a93db6a1534eed4d40e7,荣融未来城,开州区,精确匹配
154584,1909418571232882689,城南学园小区,荣昌区,31888a8296e29aefe664a878a229aa2b,城南学园小区,荣昌区,精确匹配
154585,1909411483303718914,北宸上院,云阳县,2d3bf3e3673eb31cf05e024d10e4104d,北宸上院,云阳县,精确匹配
154586,1909426075518021633,贵帮·桃仙居,荣昌区,b4c19692d67e8f445e41471257e10bd7,贵帮·桃仙居,荣昌区,精确匹配
154588,1909427688861249537,江山云著,江北区,1ee2d57d46696b1eb22d2299e01a8e9c,江山云著,江北区,精确匹配
154589,1909428563247804418,中宗西城天街,荣昌区,8c5e26293e9c9d53bd20c0aa26fc366f,中宗西城天街,荣昌区,精确匹配
154592,1909493359808786433,重庆恒大御景天下,江津区,157f86f7a0e521d31e21e7de851fbffa,重庆恒大御景天下,江津区,精确匹配
154595,1909498071345967105,卓宏悠然天地,渝北区,2af297f558db8523e2ba229e7b26b435,卓宏悠然天地,渝北区,精确匹配
154597,1909498579594948610,爱尚南山,南岸区,6686e72dfef6cfc748d2cd751809b42a,爱尚南山,南岸区,精确匹配
154598,1909466750720585729,旭辉紫都,北碚区,d079eb53ec4680c5bde8de5ff96f4dcc,旭辉紫都,北碚区,精确匹配
154599,1909479635148517378,九街区,潼南区,2740803a2b53ef5d4b232c1cacfeaa5d,九街区,潼南区,精确匹配
154600,1909480029677334530,书香华庭,潼南区,46fb887b834bd6055473a4976cfe2401,书香华庭,潼南区,精确匹配
154601,1909481507070586882,金色年华,潼南区,c931e4153e8901cc5ea9e708b438937c,金色年华,潼南区,精确匹配
154602,1909491582245974018,中交·中央公园（89地块）,两江新区,189b443094dbde9955f4ff480b6cda88,中交·中央公园（89地块）,两江新区,精确匹配
154622,1909527659824459777,西城天娇,九龙坡区,129e1c618f95c074fef3858b8ea3fb4c,西城天娇,九龙坡区,精确匹配
154626,1909519660611448833,晶山·LOMO,铜梁区,2c901da093d414450193dcf790c04dcf,晶山·LOMO,铜梁区,精确匹配
154628,1909523490430431234,青年汇瑞庭,大渡口区,c801e37851a8349cab2c4348a4b09892,青年汇瑞庭,大渡口区,精确匹配
154629,1909524910844063746,澜山望一二期,巴南区,4fe892ce57bea19a22d6ace83048b7b8,澜山望一二期,巴南区,精确匹配
154632,1909534449618300929,轻轨志龙居,大渡口区,7899d918e3bf63af1965ad5403350e2c,轻轨志龙居,大渡口区,精确匹配
154634,1909537590686429185,中昂别院,九龙坡区,e26009fd03d07fa21fd498d680d1cdd9,中昂别院,九龙坡区,精确匹配
154635,1909538166677614593,西锦佳苑,九龙坡区,4be8b324c2c5722d5626ac1120634740,西锦佳苑,九龙坡区,精确匹配
154636,1909529333481779202,金科长江星辰,涪陵区,2c72b5e18f94a370fcbe589e9d32d09d,金科长江星辰,涪陵区,精确匹配
154638,1909539675666558978,重庆大渡口领琇长江二期,大渡口区,2f4b48c3888204678c89675604df5090,重庆大渡口领琇长江二期,大渡口区,精确匹配
154639,1909541900711276546,海景天域,九龙坡区,477c155d26ab0d965554aea85eb8cf93,海景天域,九龙坡区,精确匹配
154642,1909808676527304705,国盛锦簇滨江,南岸区,6880bd17931b3bd39e46ec6dbaecd980,国盛锦簇滨江,南岸区,精确匹配
154647,1909803991598821377,隆鑫盛世普天,九龙坡区,127c7430a0d8a71a950644312a504994,隆鑫盛世普天,九龙坡区,精确匹配
154649,1909790906020458498,南山明珠,大足区,36cfb22c5a81a4e0551f19014e1bde87,南山明珠,大足区,精确匹配
154651,1909781477002768386,江上明珠,云阳县,6d315c00e2936642407fa56141c71a81,江上明珠,云阳县,精确匹配
154659,1909813774561210370,鸥鹏K城,江北区,247cf20162d4a69a83890ebfb4d26eda,鸥鹏K城,江北区,精确匹配
154661,1909814069366255618,典雅龙海港湾,巴南区,eb627c825dc631f43b6fbad937cb3830,典雅龙海港湾,巴南区,精确匹配
154666,1909809367232704514,七屏公园1号,梁平区,3529d1e9f3f6cfa7e9389af3073fd66b,七屏公园1号,梁平区,精确匹配
154667,1909828975863951361,北城居,潼南区,7c0315995709f4d59499f07b3a635810,北城居,潼南区,精确匹配
154682,1909858423816482818,龙城国际,渝北区,8229f69e245216c2306426632c83270c,龙城国际,渝北区,精确匹配
154684,1909857759400980482,綦城雅筑,綦江区,6a6663bdd55cb675dfa62bf6c8eaf1fb,綦城雅筑,綦江区,精确匹配
154686,1909862127823122433,山水蓝庭,渝北区,5300603276c6440edfee85c923ad6a26,山水蓝庭,渝北区,精确匹配
154691,1909860424725983234,宏博.澎湖湾,荣昌区,870e1cc5d9232c914dcbe92c284d0ad1,宏博.澎湖湾,荣昌区,精确匹配
154692,1909860473040171010,鹿山锦绣,渝北区,bec24183c3c1e09ea1dc45c9c026ed7c,鹿山锦绣,渝北区,精确匹配
154693,1909860631769411586,北港御庭,渝北区,6ed6c38ca2ee1f0f03556631b12c2246,北港御庭,渝北区,精确匹配
154694,1909860725008789506,居易.金澜湾,渝北区,f23b4aaeef0ca33246e936ef2b256452,居易.金澜湾,渝北区,精确匹配
154696,1910168274350317569,唐庄,渝北区,19ef967367046f33c50162de739b38c5,唐庄,渝北区,精确匹配
154698,1910163561382879234,首创茶园B37地块项目,南岸区,09c1fe229d1f89ce22693fe49dfa64cc,首创茶园B37地块项目,南岸区,精确匹配
154701,1910172873589202946,奥园悦府,九龙坡区,ff576dc0fdd3c0be8999da19941566e9,奥园悦府,九龙坡区,精确匹配
154705,1910164185835053057,江上明珠,武隆区,48dac012ca07ec637b774cba3b52fe9e,江上明珠,武隆区,精确匹配
154706,1910164206047404033,可乐小镇,江北区,a02ff569c582c0d13b20975bddee0b92,可乐小镇,江北区,精确匹配
154711,1910155590514974722,茂宸广场,渝北区,b9187bb994bb0efd36bd3bb51f51ae1b,茂宸广场,渝北区,精确匹配
154712,1910154897800503297,贵格俊嶺,渝北区,b1b397298880f941996b663fea2a5a46,贵格俊嶺,渝北区,精确匹配
154716,1910216853697798146,江南融府,南岸区,f9c3dc299564a22a345afc7d79cd4c75,江南融府,南岸区,精确匹配
154719,1910239848566824961,双山世家,九龙坡区,7b23e722be2c8e51b211dedb66200486,双山世家,九龙坡区,精确匹配
154721,1910238392958787585,中交丽景,大渡口区,ea96c653242f15c1916dd925fefa6de8,中交丽景,大渡口区,精确匹配
154727,1910580807943004161,裕州华府,荣昌区,fc0334d22052d20c8d43a8451bbdb2b4,裕州华府,荣昌区,精确匹配
154728,1910584089742614529,荣升悦府,荣昌区,2c901da693dc9d080193e340394912cc,荣升悦府,荣昌区,精确匹配
154729,1910526207806349313,翔正丽湾,涪陵区,e2be9c910a3a706c9cebd3ce11585584,翔正丽湾,涪陵区,精确匹配
154731,1910569595486281729,西城首府,大渡口区,55fe58ed16bb76d6bd4a6f2de3cbaa93,西城首府,大渡口区,精确匹配
154732,1910539255921188865,芸峰兰亭,巴南区,dd2a5532742e5c2a6232a86b502de837,芸峰兰亭,巴南区,精确匹配
154735,1910528460059516930,明华龙洲花园,巴南区,00e3b77ecf166f7740abf7c8cb604c76,明华龙洲花园,巴南区,精确匹配
154737,1910529888412966914,龙山美地,万州区,4c594c918a30db25ccca645a3f6802b2,龙山美地,万州区,精确匹配
154738,1910530296309030913,牡丹城,垫江县,3825c8be2f0a06cb23b82f4f313b84a6,牡丹城,垫江县,精确匹配
154743,1910510109102907394,观江苑,武隆区,e247ab16e749b631ee5bd5e3cbc8e266,观江苑,武隆区,精确匹配
154753,1910261661392904193,适园华府,涪陵区,942db5676eb4f946f866797cb886e483,适园华府,涪陵区,精确匹配
154758,1910251252363501570,北陆新居,江北区,cd90a71491e1460c2ac948e7269c46d3,北陆新居,江北区,精确匹配
154764,1910244969296109569,世纪滨江,涪陵区,482d465f60b52454574b1a83b5c00883,世纪滨江,涪陵区,精确匹配
154765,1910247917547888642,朵力品道,大渡口区,fb9faca22e2468229dd48a7cdce347c8,朵力品道,大渡口区,精确匹配
154766,1910249503707832322,长寿美丽泽京,长寿区,a7b4348f122f9c93f2931b42bc7059f6,长寿美丽泽京,长寿区,精确匹配
154767,1909959790669275138,北城华府,合川区,6c7fc3a425389340a5ef8647b8f1e68c,北城华府,合川区,精确匹配
154769,1910138030365024257,云湖西城,璧山区,8c4697371bd9d633a9826c7366b51fd5,云湖西城,璧山区,精确匹配
154770,1910153188311244801,保利大国璟一期,巴南区,43d4e41017d974e0e370fe637b49ead8,保利大国璟一期,巴南区,精确匹配
154773,1909906585474199554,锦绣江都,垫江县,e5b0e480094d67f5d65b280b074b3d3a,锦绣江都,垫江县,精确匹配
154775,1909910443529236481,海都汇,渝北区,081e3910baffa48f60efcba4d60b2f4d,海都汇,渝北区,精确匹配
154779,1909897981715181570,汇凯青年城,渝北区,d902383e53a57cbf3bca3b0f85bbbceb,汇凯青年城,渝北区,精确匹配
154781,1909895895032164353,湖山花园,渝北区,d673dc7a2cd0a3d4e05d94ab65572c79,湖山花园,渝北区,精确匹配
154783,1909892577086042113,西城花苑,梁平区,ea26583b7d23ccdcefdb5370ee22c376,西城花苑,梁平区,精确匹配
154786,1909903551125942274,龙脊时代广场B区,渝北区,b34d4d5036c13dade1c0d6411bc3cead,龙脊时代广场B区,渝北区,精确匹配
154787,1909901692327849985,棠城壹号院,永川区,6c0a74ab9b7dd0341732c2b8c577c9f4,棠城壹号院,永川区,精确匹配
154788,1909900566010425345,多弘上城,垫江县,9206ffde176fbef374fb22b89374324f,多弘上城,垫江县,精确匹配
154789,1909899372613496833,金港国际二、三、四期,渝北区,8f4958e7d56cb8e2e0787aa517d985e9,金港国际二、三、四期,渝北区,精确匹配
154790,1909899614800998402,蘭亭·新都汇,渝北区,871a5ba70930917298e468575e3f3c0b,蘭亭·新都汇,渝北区,精确匹配
154797,1909883310429859842,金台华都,垫江县,b6965d445a1a99085445e6906d67c2b7,金台华都,垫江县,精确匹配
154799,1909880909878685698,江上新都,大渡口区,1759d7290fe17237ac55179356d5e139,江上新都,大渡口区,精确匹配
154801,1909876997650018306,置铖御苑,永川区,2bf3b8ef3dd8de130314327675a122d9,置铖御苑,永川区,精确匹配
154802,1909873496760938497,西城映画,九龙坡区,a2cf2e23bfd6890359dda28f8e92ea6d,西城映画,九龙坡区,精确匹配
154804,1909874239375044609,攀华国际广场,涪陵区,734c9f8c3b113aa0e407788ee01698cd,攀华国际广场,涪陵区,精确匹配
154805,1909874425425981442,兴茂盛世北辰,渝北区,bc107a676223b1a7c52dfce79b64efde,兴茂盛世北辰,渝北区,精确匹配
154806,1909872912569888770,宝石星晖,渝北区,e4a016228a9d86b1e2c8117b19293e9e,宝石星晖,渝北区,精确匹配
154807,1909872194286940161,华渝怡景苑,渝北区,723a5cde98318382d7280cd0e0ac7d2f,华渝怡景苑,渝北区,精确匹配
154808,1909870432205303810,锦天星都,渝北区,6314508df44840a97fa7d34083545fcd,锦天星都,渝北区,精确匹配
154812,1909867370703122433,金科中建集美阳光,大渡口区,9d78a29aca8c7706c81b8d84974fd503,金科中建集美阳光,大渡口区,精确匹配
154814,1909865843246657537,斌鑫·西城熙街,九龙坡区,1ddbfc9704797b196e53f405e49a52ab,斌鑫·西城熙街,九龙坡区,精确匹配
154816,1909866499806228482,金科·星辰,大渡口区,910e08200d11f9b2466fc3c7d563043d,金科·星辰,大渡口区,精确匹配
154817,1909866727695347714,金科星辰三期,大渡口区,434b915290a465341a3f84499812c12d,金科星辰三期,大渡口区,精确匹配
154824,1907683870310834178,邦德国际中央广场,荣昌区,4272d08ff17d711eff798f07586500f8,邦德国际中央广场,荣昌区,精确匹配
154828,1907654381652582402,鑫汇民苑,九龙坡区,e9875d5bedecc76266fef614a8bde54a,鑫汇民苑,九龙坡区,精确匹配
154829,1907654764504457217,升伟铂寓,九龙坡区,cc4241046b2d49536f18fa7bc02d32df,升伟铂寓,九龙坡区,精确匹配
154835,1907694105503113217,奎星楼片区,渝中区,2c3e61205ca60df4c8bd2b5aca34adc1,奎星楼片区,渝中区,精确匹配
154840,1907688533051482113,创捷.龙腾小区,荣昌区,985cc5f8656d662c1e5f0146f1f7f2f1,创捷.龙腾小区,荣昌区,精确匹配
154843,1907685352569479170,拓新-东方新城,荣昌区,e9e9b1b2f21881c6d1a930b1a96a2dfc,拓新-东方新城,荣昌区,精确匹配
154850,1907701587835265026,金地汇,巫溪县,8989f2af75630a1904d99ccc6b4022ea,金地汇,巫溪县,精确匹配
154856,1907703191527399425,伟清中环广场,渝中区,2c51e9fe27a6fe1bd5121c56b20e753e,伟清中环广场,渝中区,精确匹配
154857,1907713633872158722,富港天地,两江新区,66b060a0076a5f56ed2dfe4d4e27c815,富港天地,两江新区,精确匹配
154863,1907717928940118017,重庆恒大名都,渝中区,24f29fc64c3eb40fcdebe5cbb5987e70,重庆恒大名都,渝中区,精确匹配
154873,1909053128869588994,尚溪国际,大足区,0832cccc536d7f7bdd80648bd4e612ac,尚溪国际,大足区,精确匹配
154874,1909053516528136194,俊豪圣玺府,大足区,a508e8b1a27dc22d595847c911ac2711,俊豪圣玺府,大足区,精确匹配
154877,1907728966003630081,保利云禧,巴南区,7ad67f6594ee630050002a4db7cfa539,保利云禧,巴南区,精确匹配
154881,1908414015183187969,中庚城ACE地块,北碚区,aaf44ae993d967576b927fdfe7613110,中庚城ACE地块,北碚区,精确匹配
154886,1906997517038301186,昕晖滨江壹号院,涪陵区,300bd5d94a245cb6ae3b67c9a158a099,昕晖滨江壹号院,涪陵区,精确匹配
154888,1907252283031080961,金悦城,铜梁区,95394a0962e3febe85facd406cbd11cb,金悦城,铜梁区,精确匹配
154889,1907252541270183938,龙腾盛世,铜梁区,5adb590de76c5162c73605369fd5b967,龙腾盛世,铜梁区,精确匹配
154891,1907274148743139329,百灵苑,江北区,b3c3a7ca74669963075e8bf5f422c107,百灵苑,江北区,精确匹配
154893,1907317075871703041,鲁能领秀城5街区,南岸区,9e4be06842ddcbef0bc608355b1077f4,鲁能领秀城5街区,南岸区,精确匹配
154897,1907319991420493825,华滩坝,梁平区,8931c5a5b18884745ccbd85743b8e376,华滩坝,梁平区,精确匹配
154899,1907322631869079554,宽庭国际,南岸区,29748dcec71c4afc19e18c5b033dadb7,宽庭国际,南岸区,精确匹配
154900,1907348762030678017,金州苑三期项目,两江新区,78701533809bc519bf801e9833a0d760,金州苑三期项目,两江新区,精确匹配
154907,1907618884288946177,同景·南门金阶,涪陵区,209919da1f4771760c7afdbba80d1b0a,同景·南门金阶,涪陵区,精确匹配
154911,1907610914595446786,阳光城未来悦,渝北区,2f489a37c69f19ed834e090238e720cb,阳光城未来悦,渝北区,精确匹配
154918,1907626810684645377,北岸江山北区,江北区,f8a9f035aff2f07b18c08a35071cf510,北岸江山北区,江北区,精确匹配
154919,1907632658978873346,三峡明珠大厦,万州区,0a669a31c7be4b5bad9981945472ce18,三峡明珠大厦,万州区,精确匹配
154920,1907633229190307841,红馆,九龙坡区,516f231146fd888b42c46aafb6b95a4d,红馆,九龙坡区,精确匹配
154922,1907638015864250370,荣昌中迪商业广场,荣昌区,81ef0cc519e94eee4bd8d1f28bafb8ca,荣昌中迪商业广场,荣昌区,精确匹配
154923,1907636544116531202,翠湖名都,垫江县,0931ed39a11913fa08cdf884a5aaae25,翠湖名都,垫江县,精确匹配
154926,1905258853723713538,申鼎腾龙二期,合川区,0e671a963fb2ce5f1b1ac43f55683ee0,申鼎腾龙二期,合川区,精确匹配
154927,1905259091628830721,合川东北部农副产品交易中心,合川区,cb4bd70e16b903dd7220829b21e22349,合川东北部农副产品交易中心,合川区,精确匹配
154928,1905174176287600641,滨江一号二三期,潼南区,ec9c9593495d6c41f09d2cd9d505b9cb,滨江一号二三期,潼南区,精确匹配
154929,1905157915734355969,洋龙福缔湾,大足区,48e64bd18021a861a1bbd6fb95120075,洋龙福缔湾,大足区,精确匹配
154930,1905168371341504514,桂花苑,北碚区,55e2bba0240ae59d01a700f6062cac3b,桂花苑,北碚区,精确匹配
154931,1905169058376888322,正隆·红桂林,北碚区,eb11977830c4f3d44865fa9e631ff455,正隆·红桂林,北碚区,精确匹配
154932,1905428033357918209,奉节夔门时代大厦,奉节县,7e84cffbaea5f4a364635b89edee04d9,奉节夔门时代大厦,奉节县,精确匹配
154934,1905260678988345346,尚书府第,合川区,6cc081585070985c4e2ec8fdb31402f8,尚书府第,合川区,精确匹配
154935,1905260867480367106,江运大厦,合川区,fb50eb433db748fcfeb84a459574e40f,江运大厦,合川区,精确匹配
154937,1905261287812542466,栖枫上院,合川区,a3d39489008757e2ad76d8c4c1c002d5,栖枫上院,合川区,精确匹配
154938,1905261477122453506,丽景水岸,合川区,906e6afa5c37b1fb95ca9a691664ab9d,丽景水岸,合川区,精确匹配
154948,1905259682581098497,涪滨公馆,合川区,f81ef9d7eeb927468ef784f3de1fcbad,涪滨公馆,合川区,精确匹配
154954,1905451240274178050,海棠香国·洋房（5号地块）,大足区,cb209dc5e85c057ff7a0b8db3ce3c458,海棠香国·洋房（5号地块）,大足区,精确匹配
154961,1905518443266748418,垫江星宸,垫江县,b8045093fc99dc4a6b0efc793ad060fc,垫江星宸,垫江县,精确匹配
154964,1905525371573284865,船舶云湖绿岛,九龙坡区,e2c7f9fef21ad2f936227241fd1cc49a,船舶云湖绿岛,九龙坡区,精确匹配
154969,1905510973144215554,龙门花园,巫山县,5363255d1cb38d940d768e2188f7bc9e,龙门花园,巫山县,精确匹配
154971,1905513726646071298,水岸星城,开州区,01aa7e81c91ec7b149dea9520233722b,水岸星城,开州区,精确匹配
154978,1906252038121922562,金世纪商场,合川区,5b02b436f825534851ce08dc45c9bb03,金世纪商场,合川区,精确匹配
154984,1906254950684368897,合川文峰西院,合川区,7ac6a94396c460e5a09ec606999316d3,合川文峰西院,合川区,精确匹配
154985,1906255335222353921,名人丽都,合川区,125197ce1582a4416cc190d05cd80bdf,名人丽都,合川区,精确匹配
154996,1905535606476156929,仁安龙城国际,两江新区,9f5c3009359875d78dded780b833079d,仁安龙城国际,两江新区,精确匹配
154997,1905536447572520961,海兰云天盛世华城,九龙坡区,2405d8fec7f71b7f08d69fa0d26473d2,海兰云天盛世华城,九龙坡区,精确匹配
154998,1906951939143151617,中慧第一城,涪陵区,36fac1bd35c7df6fba524b516ad8ce34,中慧第一城,涪陵区,精确匹配
154999,1906972909450997761,冠和财富广场,忠县,1fb343383aa494e871341b3ff367b97d,冠和财富广场,忠县,精确匹配
155000,1906993954862051330,重庆雅居乐国际花园,南岸区,33f9a80b4289e0d584e0a3975a6b6c6b,重庆雅居乐国际花园,南岸区,精确匹配
155002,1906991778358013954,新加坡花苑,涪陵区,0ee41f77b21e2d2ec32b28907fbcb8b9,新加坡花苑,涪陵区,精确匹配
155004,1906958631826272258,大足香国湖畔,大足区,482eb65f7ebce65aac3d1093afef1c71,大足香国湖畔,大足区,精确匹配
155008,1906914617618022402,锦绣开州,开州区,e434dc38c91f43de6e081003ddcb9f8b,锦绣开州,开州区,精确匹配
155010,1906620610446794753,长江国际,南岸区,cf00711cba459d9edd3e55fada427573,长江国际,南岸区,精确匹配
155012,1906906635014455298,涪陵港客运中心-香江豪庭,涪陵区,06048e7c9832abfeb8c6274a72c401d2,涪陵港客运中心-香江豪庭,涪陵区,精确匹配
155013,1906681664564535297,汉唐上河龙景,黔江区,f3df337f3b60c37514df30522beb5bc6,汉唐上河龙景,黔江区,精确匹配
155014,1906682552863596546,嘉华城,黔江区,2c901da593d403700193d7a6e3a1083a,嘉华城,黔江区,精确匹配
155015,1906693616783237121,墨香书院,黔江区,2cca2662c4424985a8f6b0bfe074a313,墨香书院,黔江区,精确匹配
155016,1906694648871428097,丽都花苑,黔江区,febaf3b396990b4e0cb7e642c764b062,丽都花苑,黔江区,精确匹配
155020,1906895888377135105,金盾华府,黔江区,9193ff145a6f9868c903f64382eac128,金盾华府,黔江区,精确匹配
155022,1906667431810473986,城市印象,荣昌区,14aab7858233ff59c5221c98a1f14372,城市印象,荣昌区,精确匹配
155023,1906667437502144513,荣城御景,荣昌区,e0b6bd78d1cf0743399719a768260b82,荣城御景,荣昌区,精确匹配
155024,1906667442875047938,悦榕公馆,荣昌区,7c45f4ef8a3fb12d718c2ce52aa168c9,悦榕公馆,荣昌区,精确匹配
155025,1906654592513253378,中央府邸学苑,黔江区,1241589076bfea72686bc2207fe57951,中央府邸学苑,黔江区,精确匹配
155029,1906518293953290242,西城名居,涪陵区,cea19f97d0ab745cbe5c861a34a3e846,西城名居,涪陵区,精确匹配
155030,1906353664971186177,浩海美地,荣昌区,02c7d251f4285aa9fb5c8ea6b897ed7c,浩海美地,荣昌区,精确匹配
155031,1906353689105211394,海棠新城,荣昌区,2c901da093dd24020193de1c4d610643,海棠新城,荣昌区,精确匹配
155038,1906512584012374017,力帆枫樾一、二、三期,两江新区,0060e3884696e0e402e31359f911b914,力帆枫樾一、二、三期,两江新区,精确匹配
155043,1906608178357772289,碧水天城,长寿区,fd3446a6f1bca61b68e6aaed33160651,碧水天城,长寿区,精确匹配
155045,1906593701302280194,洛克小镇,开州区,2e2581a7294982cf2934dd5809e85678,洛克小镇,开州区,精确匹配
155046,1906629061369569282,昌宁苑,荣昌区,1951f19c8e2f4e59cc1c91c09e03a58d,昌宁苑,荣昌区,精确匹配
155047,1906634044089475073,邦泰天誉,黔江区,185a3326004edc0e4d226c2f77451109,邦泰天誉,黔江区,精确匹配
155049,1906635824697352193,秀湖鹭岛,璧山区,6813e769b593287dac136754161cd108,秀湖鹭岛,璧山区,精确匹配
155051,1906594401449058305,南滨上院,南岸区,6f90ae8a6c527a421644b93a9ffdf755,南滨上院,南岸区,精确匹配
155052,1906596585838387201,恒鑫名城三期,九龙坡区,931146e47e81023ae2fc4cc8be30dc50,恒鑫名城三期,九龙坡区,精确匹配
155055,1906559891567190018,长江国际,忠县,701bd9c551a7623ac73c2aa91d8c75cf,长江国际,忠县,精确匹配
155064,1696371510238683137,美都香榭,城口县,6d150b0a48e214a87195a4ac4c2d3171,美都香榭,城口县,精确匹配
155067,1694586275389956098,和喜·御澜府,潼南区,beab1461755a1fc194e79503f174272a,和喜·御澜府,潼南区,精确匹配
155068,1694614684035899394,紫云书韵,潼南区,45eabf522284a6b1983f1b68abced287,紫云书韵,潼南区,精确匹配
155071,1698620330121011201,学府蓝湾,潼南区,63375630e5a33575c31546c4a89ce925,学府蓝湾,潼南区,精确匹配
155072,1698865230389354497,云溪上院,云阳县,7a6616616de7d96ab61c323261ef3409,云溪上院,云阳县,精确匹配
155074,1697174212715651073,南川公馆（德远天宸）,南川区,3d03babd500ad71b657ce574c2107e4e,南川公馆（德远天宸）,南川区,精确匹配
155076,1697089797188657154,明浪御府,城口县,92ccdd09a667fbe693ca25e236cecc8e,明浪御府,城口县,精确匹配
155077,1693517364879831042,境朗园.御云府,云阳县,ec84103d53fc7c843ece8dae8b970c99,境朗园.御云府,云阳县,精确匹配
155078,1692439163273359362,新城国际,北碚区,67f3ee1fafdd9a3dfb2d4f9def18d5bc,新城国际,北碚区,精确匹配
155079,1692446285277048833,金科世界城滨江地块,云阳县,c269e3a1145f1896a5ac6d7a0097f4ad,金科世界城滨江地块,云阳县,精确匹配
155080,1692451030339301378,城投.紫金御园,云阳县,695b916998c08656857bc226a5f32db4,城投.紫金御园,云阳县,精确匹配
155081,1692004206948265985,星光华厦小区,潼南区,e23edaaa7cff0f4b2ab7bb5e1b01d7b7,星光华厦小区,潼南区,精确匹配
155083,1692013296126668802,时光华厦小区,潼南区,250c681910f2503b2999845fe266ed7b,时光华厦小区,潼南区,精确匹配
155084,1692072181793435650,逸合两江未来城7区,云阳县,88b5bb149e779edb2a60efc7403d3b4b,逸合两江未来城7区,云阳县,精确匹配
155086,1692090659166367745,凤凰湾,潼南区,25050ca09f9f8f79de06b7f07ff1a658,凤凰湾,潼南区,精确匹配
155087,1692092387236392961,泰然居,潼南区,aad902899bfbce3c725cacf579101a2d,泰然居,潼南区,精确匹配
155089,1691731761834110977,汇祥云深处,武隆区,04b144f7a43c3ff49129b4ad041c5330,汇祥云深处,武隆区,精确匹配
155090,1691737076268937217,华厦城,潼南区,876bca57637ac136c92eb1b65c229091,华厦城,潼南区,精确匹配
155091,1691742380750680066,观澜华府,潼南区,387864bc2bbdb7584ab30d94d9e732b2,观澜华府,潼南区,精确匹配
155093,1688399294368751617,华城名都,潼南区,56f189006c9cee9b7963b63178696cec,华城名都,潼南区,精确匹配
155094,1688484096379875330,铜新花园,潼南区,5ec9e375ac6b09ad0abc5c78f0db05f4,铜新花园,潼南区,精确匹配
155095,1688808816245608450,北城丽都,潼南区,ff5ead3805d6526194a0660598beec8a,北城丽都,潼南区,精确匹配
155096,1690904901512474626,锦江竹苑,武隆区,4e866ec74f0af9c44afece49cbaa797a,锦江竹苑,武隆区,精确匹配
155097,1690906229714333698,荣融.映江澜,武隆区,e25cb9feefc4cb8bf1bb312d59070b29,荣融.映江澜,武隆区,精确匹配
155098,1690906721454534658,武隆五洲国际商贸城 ,武隆区,8bf1afa4d483e4640f4dc81fbc92288a,武隆五洲国际商贸城,武隆区,精确匹配
155099,1691016021321592834,益欣芭堤香郡,潼南区,1c527b692f362795f43224db761b1e87,益欣芭堤香郡,潼南区,精确匹配
155100,1691281997313224705,辰龙书院学府,潼南区,903589b0e80b561d4ddbe546255794f3,辰龙书院学府,潼南区,精确匹配
155101,1691290866131283970,泰吉·同诚·天悦,潼南区,e2dde19fa632207ab008b1a9c56463f2,泰吉·同诚·天悦,潼南区,精确匹配
155102,1691367240263151617,湖语山,潼南区,449df59ff7486b0b2d005ffc84c681b2,湖语山,潼南区,精确匹配
155103,1691712393733615618,紫雲府,潼南区,a9da170d33be4574d801f037a9349384,紫雲府,潼南区,精确匹配
155105,1688843877942693889,花盛香醍,潼南区,6bc5df599a85403ba521a0f3528df9ea,花盛香醍,潼南区,精确匹配
155106,1689111636861652994,爱尚城一、二、三期,潼南区,176138bc1b3d5fab3143b9dd4a13f82d,爱尚城一、二、三期,潼南区,精确匹配
155108,1689118982887321602,华泰明珠,潼南区,35a71c51c41043660da198d57d8d18cd,华泰明珠,潼南区,精确匹配
155109,1689120355502665730,锦绣阁,武隆区,decb034d8990e66ed39ddcbfb13733d4,锦绣阁,武隆区,精确匹配
155111,1689818800118968322,卓然学府春天,潼南区,cf95596e89f585d22c091ed63cf213fb,卓然学府春天,潼南区,精确匹配
155112,1689821131141165057,卓然铂金公馆A区,潼南区,f8bd1acc792f97348334be020d310882,卓然铂金公馆A区,潼南区,精确匹配
155113,1686996024089812993,健能绿都,潼南区,3665849389db37446e8335019c0e4d67,健能绿都,潼南区,精确匹配
155114,1687005832041897985,博雅华城,潼南区,0150651d6503802ea95ebec108b7e6d6,博雅华城,潼南区,精确匹配
155116,1687030421493030914,凤凰台,潼南区,73060438245e2596085dd4c0ae697c77,凤凰台,潼南区,精确匹配
155117,1687033821240664066,恒泰美庭,潼南区,0fc8264e2c3ceeaa858398b42aaaa7a8,恒泰美庭,潼南区,精确匹配
155119,1687282852919418881,南城中央广场,武隆区,a153b31f8139ae1e6644fbbf9fd87d02,南城中央广场,武隆区,精确匹配
155120,1687360308682596354,拉斐皇廷,潼南区,c80577d6eed30e65d7d15f3ab8802c18,拉斐皇廷,潼南区,精确匹配
155122,1687661157774434306,尚品雅居,潼南区,833166e270720fb0a14f085653a79be7,尚品雅居,潼南区,精确匹配
155124,1688368574212513794,蓝垭丽都,潼南区,a96badab912d28428b495b95d22e6c7e,蓝垭丽都,潼南区,精确匹配
155125,1688391193955573761,御景江山,潼南区,7422f6ac8405e630a2adc8da8e6051f6,御景江山,潼南区,精确匹配
155127,1686596013577433089,博宁新天地,潼南区,8c8d68e82813ce982ff4f174275ed1fa,博宁新天地,潼南区,精确匹配
155128,1686605246129729537,华厦天宇,潼南区,f7a645228dd34329b0aa6f8335cb8db7,华厦天宇,潼南区,精确匹配
155130,1686646551388057602,华厦一品,潼南区,e94120e6944f4d504b3bf4f655f63c8b,华厦一品,潼南区,精确匹配
155131,1686650146036609025,御景湾,潼南区,d8d6ce49ce0ad68581e1cdc3fe5ab9b4,御景湾,潼南区,精确匹配
155132,1686654429184356354,懿心园,潼南区,5f533365b921f507f95a315af619d567,懿心园,潼南区,精确匹配
155133,1686669660224712705,华厦金都三期,潼南区,20e44ee7a611e7ac085583573e5c626e,华厦金都三期,潼南区,精确匹配
155134,1686674371048861698,北城天骄,潼南区,7c0b12aba333c59233996d8fa952e0cf,北城天骄,潼南区,精确匹配
155135,1686930416283328513,皇冠嘉年华,潼南区,db03df88ebcaccd5cead3fff7d530966,皇冠嘉年华,潼南区,精确匹配
155136,1686931002114351105,福江山水,潼南区,010a5363c02de5d095ea4e30514760d0,福江山水,潼南区,精确匹配
155137,1686931393979785217,北城龙珠,潼南区,a7138cf41236422dfccca31b6c887378,北城龙珠,潼南区,精确匹配
155138,1686939097351757825,金色维也纳,潼南区,3fc9c091492cc2c5881867090a030f5b,金色维也纳,潼南区,精确匹配
155139,1686555917746663425,水漾年华,武隆区,d652f86e4308200c1f14b1c04bbd7b7e,水漾年华,武隆区,精确匹配
155141,1686291594017206273,和府,潼南区,2f8605698b117ca83f7d4bdb88111d7d,和府,潼南区,精确匹配
155142,1686292286362578945,东亭湘江,潼南区,8676f81a5c7c0b79ce03e94bda68afc1,东亭湘江,潼南区,精确匹配
155143,1686293267703885825,阳光碧城,潼南区,128280763d9e55e1b3655349d22e6da5,阳光碧城,潼南区,精确匹配
155144,1686296911069278210,四方花园,潼南区,65bdfa364d08a866dbf78e29b5afef2e,四方花园,潼南区,精确匹配
155149,1685939353582268418,鸥鹏中央公园7-13期,潼南区,ec203ec19b69ae1bf65f40ed286ff234,鸥鹏中央公园7-13期,潼南区,精确匹配
155151,1686218589081661442,福江香郡（一期至三期）,潼南区,0d6a831b478bd57304bacc1a21953a57,福江香郡（一期至三期）,潼南区,精确匹配
155152,1686269483219382273,书香园,潼南区,89cda26d7ef785094e72d5740b38e5a4,书香园,潼南区,精确匹配
155153,1686271063016566786,钰林香山,潼南区,56609016aedfb724fd24e8324957afa5,钰林香山,潼南区,精确匹配
155154,1685830988143226882,现代庄园,潼南区,dd237c8626f0fd26e535e3bc086673f7,现代庄园,潼南区,精确匹配
155155,1685846309386285057,嘉霖豪园,潼南区,767bb0b40a28f67fba7dd6a2d48e49a4,嘉霖豪园,潼南区,精确匹配
155156,1685851498914738177,福江名都,潼南区,474799fbc771908cdfb8ff981105c729,福江名都,潼南区,精确匹配
155158,1685917839449354242,鸿泰新居,武隆区,78811467d77fe52d109efe5fdffed23a,鸿泰新居,武隆区,精确匹配
155160,1681204215828897794,宜居佳苑,武隆区,5b31e7633f80f6033960ecc26045c2b9,宜居佳苑,武隆区,精确匹配
155161,1674362158372081665,中国华融现代广场,渝北区,147b7fea9079283d3f696601fc854b06,中国华融现代广场,渝北区,精确匹配
155163,1684489932885590018,山水雅筑,潼南区,71003340daf5a51df87daa64e081f881,山水雅筑,潼南区,精确匹配
155164,1684729869421641729,卓然与时花园,潼南区,9e3e7abce74c664d56198cebcc7b95be,卓然与时花园,潼南区,精确匹配
155166,1684782123516297218,学林雅苑,潼南区,be75f6ad8fdc70e237fd960feca31ac3,学林雅苑,潼南区,精确匹配
155167,1684784363698257921,美鑫苑,潼南区,fd7b827623fcf4613cc0277dfe709b1a,美鑫苑,潼南区,精确匹配
155168,1684848696075710466,廊桥水岸,武隆区,a5468f4a1349e99dbaf5a7e1f0594de5,廊桥水岸,武隆区,精确匹配
155171,1683672330785447938,盛世金都,武隆区,dd8b7154443bf48935ac69b58e5abfcc,盛世金都,武隆区,精确匹配
155172,1684130456131207170,名仕豪园,潼南区,3b6ba1ba83ee1f61a0bd2f6e7dd152f4,名仕豪园,潼南区,精确匹配
155173,1684131183473852417,东亭天佳,潼南区,85d264e78da02723e3a83eee53dd9b3b,东亭天佳,潼南区,精确匹配
155176,1684382724223008770,花漾年,潼南区,6fb8c15ed5435fc8170312a9c33f7d51,花漾年,潼南区,精确匹配
155177,1684383175442038785,福江名城,潼南区,f9e9e19797061ba534fda3ac1b82ded3,福江名城,潼南区,精确匹配
155178,1684383878415777793,隆鑫中央大街,潼南区,4164ef4b3433f98f0570775923884517,隆鑫中央大街,潼南区,精确匹配
155184,1698960768690462721,潼州府第一期,潼南区,afdf6aa7aac9afaec75b1b2e3a9d8058,潼州府第一期,潼南区,精确匹配
155186,1706129474843545602,未来城,万州区,ed97892197cd602832970f456f601516,未来城,万州区,精确匹配
155190,1706128535256535041,滨河水岸,城口县,96974f49e0680502d79a92bcec7d93f8,滨河水岸,城口县,精确匹配
155192,1705113043884544002,平安小家,云阳县,346c0f818debfacf8159a30c0641eede,平安小家,云阳县,精确匹配
155193,1704401674352693250,中铁任之健康城一期,璧山区,d1bf918dc97a42c940a0108c118087c1,中铁任之健康城一期,璧山区,精确匹配
155194,1703578132790874113,景典龙都,丰都县,deeda887f11b3b0131d131f2e42f4923,景典龙都,丰都县,精确匹配
155195,1703580242743889921,恒泰悦府,璧山区,08a3e2b4e170d83a4027211cb6d4422f,恒泰悦府,璧山区,精确匹配
155197,1706133857408880642,腾宇中央新城,城口县,a6b8896e2c85f8e6abbb85c51bcfaf89,腾宇中央新城,城口县,精确匹配
155204,1707225107721588737,迪浩祺府,綦江区,2eda58cbbcd47352a6176971e84f3b59,迪浩祺府,綦江区,精确匹配
155207,1711215958877507585,博象·咏山水文化小镇,武隆区,097856d8ef99bd98aaf925b9b62385be,博象·咏山水文化小镇,武隆区,精确匹配
155208,1719250756418109441,北景城,巫溪县,66b6a6d25c06f2183a0408cf9ea3ca72,北景城,巫溪县,精确匹配
155209,1721429804489605121,海成·春申云玺（一期、二期）,巫溪县,5e5612a1d8917f92b03e740f33da8424,海成·春申云玺（一期、二期）,巫溪县,精确匹配
155210,1721826680791597058,西湖山水,北碚区,7a7837a241b7cd2bfc44ed92082fd6df,西湖山水,北碚区,精确匹配
155216,1715271418735726593,"外滩国际城一期, 二期",潼南区,cb7a051a20c1216298b35b9c9e19d88d,"外滩国际城一期, 二期",潼南区,精确匹配
155220,1716705656278323202,七彩景秀,璧山区,c036f87250c42ad1e3575f6e787ab84d,七彩景秀,璧山区,精确匹配
155221,1716737756343799809,俊豪潼樾府,潼南区,a873e17c319f1dc91c955926e2a16c09,俊豪潼樾府,潼南区,精确匹配
155227,1717716731111116802,中央王府,巫山县,87b2037080659b9e715b23c8d53b2665,中央王府,巫山县,精确匹配
155229,1717737881300078593,摩天领壹号,巫山县,3d957cbdc26720f42567ce38d48a39a0,摩天领壹号,巫山县,精确匹配
155233,1726513363118084098,时代天骄,綦江区,24cab5158b9fae2d9cd5b308baf3d722,时代天骄,綦江区,精确匹配
155244,1737293172987334658,和谐家园,沙坪坝区,e5b0d064a1802e00043bba61899d4870,和谐家园,沙坪坝区,精确匹配
155246,1737014525118320642,汇丰大厦,沙坪坝区,c760cbd2ae123bdf6e593af2858c8c48,汇丰大厦,沙坪坝区,精确匹配
155257,1737405169179496450,盛世华城,铜梁区,17b3ffef3828b36d91a85fd5838f6154,盛世华城,铜梁区,精确匹配
155261,1738026005976518657,国盛.天鹅堡,沙坪坝区,5179dd5d0a566da21951810c8a5d77d9,国盛.天鹅堡,沙坪坝区,精确匹配
155269,1737298105241374722,凤天桂园,沙坪坝区,382810c5c404024f504285d8f05f38ea,凤天桂园,沙坪坝区,精确匹配
155271,1737359716924723202,图腾绿岛,沙坪坝区,52b6808bd2016641423de40361f89f04,图腾绿岛,沙坪坝区,精确匹配
155273,1739567623372214273,沙磁1938,沙坪坝区,c646c2f6e8b2233a2bacc6254849f410,沙磁1938,沙坪坝区,精确匹配
155274,1739554614658666497,腰子堡安置房（梨苑新居）,沙坪坝区,efabd5785ecd524d4412630d25156917,腰子堡安置房（梨苑新居）,沙坪坝区,精确匹配
155275,1739554892883628034,圣雅花园,沙坪坝区,7824316239afb1d9829180174a85d639,圣雅花园,沙坪坝区,精确匹配
155277,1739545486871695362,天福景苑,沙坪坝区,d967157fde80795a0e0bd2f5b09bde33,天福景苑,沙坪坝区,精确匹配
155279,1738033966849396738,国盛.飞越金溪,沙坪坝区,c29c553b7021df1712a7027a19ec781f,国盛.飞越金溪,沙坪坝区,精确匹配
155285,1739477906203021314,融汇G1,沙坪坝区,6dfbbdb86ae6bf2b2ab63dbf802febba,融汇G1,沙坪坝区,精确匹配
155286,1739489970057318402,天星康韵二期,沙坪坝区,ec2531b60f98b0a506b61ad127749d15,天星康韵二期,沙坪坝区,精确匹配
155287,1739173337434624001,国富沙磁文化广场,沙坪坝区,4ab20043a670f4f98d5615fac4708b29,国富沙磁文化广场,沙坪坝区,精确匹配
155288,1739173799915360257,美的金科郡,沙坪坝区,8342befb862e3af93132138ba5472be0,美的金科郡,沙坪坝区,精确匹配
155290,1739169905940303874,龙腾丰文,沙坪坝区,046caab17249a17484f4f2b58064fafa,龙腾丰文,沙坪坝区,精确匹配
155292,1739568399637221378,东林雅润,沙坪坝区,6638c56e907a5ebc1dfc6e9e7a5d5858,东林雅润,沙坪坝区,精确匹配
155295,1739572828394426370,云景天城,沙坪坝区,e4c2f98f2b2f1b45c6dc686a2e31ef06,云景天城,沙坪坝区,精确匹配
155299,1739576216762912770,首创嘉陵二期（新）,沙坪坝区,a80910d40b919d4d2cd9fa944cdcdbdb,首创嘉陵二期（新）,沙坪坝区,精确匹配
155301,1739942582439317505,三特·凤鸣朝阳,沙坪坝区,b6eb84e5bfe33d3c6d8b61e0a545e7b5,三特·凤鸣朝阳,沙坪坝区,精确匹配
155318,1748226289243721730,万有广场,大渡口区,c346698ed72b5ec8fb5ac5d0f04706b7,万有广场,大渡口区,精确匹配
155319,1747521634641580033,泽京.铂宸,长寿区,b46555e9a172235b863c98d9a1c82118,泽京.铂宸,长寿区,精确匹配
155320,1747525124562554881,长寿璟樾府,长寿区,4ace5184381bbe4a453a92e8441596bb,长寿璟樾府,长寿区,精确匹配
155321,1747528480496488449,时代中心,长寿区,be18b416e2cd0975b738480c83e45535,时代中心,长寿区,精确匹配
155328,1742102437694476289,鸿铭春天,潼南区,3f6f7ecfd88ff34a6801d624b06a807c,鸿铭春天,潼南区,精确匹配
155329,1742451503452327937,锦绣观澜,潼南区,385555515c1ac921968ba1479e6189d9,锦绣观澜,潼南区,精确匹配
155331,1745268252820312065,秋实春华,大渡口区,dacd20101addf34680601205057405d1,秋实春华,大渡口区,精确匹配
155336,1745377474396491777,海棠湾,荣昌区,b4e5783f68f1d608cb6e8432bd4fd6a1,海棠湾,荣昌区,精确匹配
155338,1745378566903631873,美丽苑,荣昌区,6aa69b02b3736910fcf9c0ba591720f5,美丽苑,荣昌区,精确匹配
155349,1760864530669121538,聚星宏苑,九龙坡区,372dc23303a877e01f5dcf82875221d2,聚星宏苑,九龙坡区,精确匹配
155352,1749973895934316546,滨圆国际G区一期,巫溪县,8fdf18581fa1e547cf562bbbc331c3f1,滨圆国际G区一期,巫溪县,精确匹配
155354,1752895158583455746,典汇越美郡,綦江区,b401ab4df3d7fd9283560a896ad2b570,典汇越美郡,綦江区,精确匹配
155356,1754066290162429953,云著,巫溪县,43410a12a24f0aa2fe0acc0c813067ee,云著,巫溪县,精确匹配
155367,1764856104663003137,中昂嘉御湾,沙坪坝区,b962cf9fa5c6fbe924d8fdd3b21606d9,中昂嘉御湾,沙坪坝区,精确匹配
155380,1765570716362559489,君和凤鸣广场,沙坪坝区,f8b8bc2debd7c5370337bca03e66c817,君和凤鸣广场,沙坪坝区,精确匹配
155384,1767447744409980929,建立广场二期安置房,沙坪坝区,25afc43b1742c2f21b859fcb3fe06438,建立广场二期安置房,沙坪坝区,精确匹配
155385,1767434353981214721,信达.滨江蓝庭二期,沙坪坝区,48fb6f55bc71026b4f82f8e2eaf59ce1,信达.滨江蓝庭二期,沙坪坝区,精确匹配
155386,1769607527728631809,茂余花园,沙坪坝区,1f01369904c8f110307b065323690b58,茂余花园,沙坪坝区,精确匹配
155387,1769608164763717634,百年世家,沙坪坝区,e0f91b777077ee3ed3296791f100c52e,百年世家,沙坪坝区,精确匹配
155408,1783694988104589314,恒大翡翠华庭,永川区,5c15d784a8b904b6ea65b5fe0942186e,恒大翡翠华庭,永川区,精确匹配
155412,1783696647954259970,家悦中心,永川区,63754829c216f6e49bcece362889014d,家悦中心,永川区,精确匹配
155413,1781142999252529154,钰园,荣昌区,4702ff7649e07b6f2ecd1e28940a6620,钰园,荣昌区,精确匹配
155420,1778346244475613186,中昂星汇,北碚区,a2fc1f271ea3eea83882e67844e2ee41,中昂星汇,北碚区,精确匹配
155423,1777620037933096962,雅居乐朗科澜岸雅苑,璧山区,cd865b6ebc06f1ba48466b888a6f9d66,雅居乐朗科澜岸雅苑,璧山区,精确匹配
155424,1778323191263813634,上城中央二期,北碚区,b2a9fb85fa8d37c1badb7d53774f4f96,上城中央二期,北碚区,精确匹配
155428,1778339324473798658,名爵康都,潼南区,af096267f790bcecf09022cbf95e647c,名爵康都,潼南区,精确匹配
155430,1787300501086212097,锦绣山水,永川区,c7e9859f9749ecdb55949928de1a015e,锦绣山水,永川区,精确匹配
155431,1787296606561701889,桓大.中央华府,永川区,72773c5cf799db259c30b5ccda5b54cf,桓大.中央华府,永川区,精确匹配
155433,1787295340381016065,永川格兰美景国际花园,永川区,3ee9436c0bd9e4f89622455a09b0261c,永川格兰美景国际花园,永川区,精确匹配
155440,1783780837500588034,金岭地·嘉美郡,永川区,2c901d9f93d3ea670193d9196e562405,金岭地·嘉美郡,永川区,精确匹配
155441,1783781371804585986,中国铁建青秀湾,永川区,456255414e6f3e9916145f9c40d21a7e,中国铁建青秀湾,永川区,精确匹配
155442,1783781794607206401,棠城公馆,永川区,7b2531b2b32cbc592acd9a3b05e4f0e4,棠城公馆,永川区,精确匹配
155444,1783700848440664066,中山小区,永川区,1b247ae9929ee61ccb4608d4a0bc1854,中山小区,永川区,精确匹配
155445,1775459194206400513,美利花都二期,北碚区,da6a5e6af23314ca53a7d29eb9510255,美利花都二期,北碚区,精确匹配
155453,1774725973365624833,金科天壹府一期,璧山区,813c5edabc0265df3721ea456eba7ad7,金科天壹府一期,璧山区,精确匹配
155454,1774727222420967426,中梁山组团J分区J05-13,九龙坡区,24d1d67bd787c10b61d670e40c889e03,中梁山组团J分区J05-13,九龙坡区,精确匹配
155455,1774727439518142465,西城香榭,璧山区,4117d22ac155e8d973daf70fdb930d7c,西城香榭,璧山区,精确匹配
155456,1773543833739358209,泽京Ta时代,北碚区,f48dd29f4005ce389edaa2711e938e0e,泽京Ta时代,北碚区,精确匹配
155473,1770261450147713026,工人村16号片区危改工程（汇景铂庭）,沙坪坝区,6e6f6292fcefb0445a9ed62f384e13e3,工人村16号片区危改工程（汇景铂庭）,沙坪坝区,精确匹配
155482,1769615493034889217,西泽.东润苑,沙坪坝区,1eda3639a42a2c37a0ea1b0f8cb36249,西泽.东润苑,沙坪坝区,精确匹配
155483,1769646096304263169,西泽.锦华苑,沙坪坝区,96156a9778b6f4c50ac8b69ea088fae3,西泽.锦华苑,沙坪坝区,精确匹配
155485,1793563903639072770,嘉陵风情步行街,北碚区,05f995695a77d1c884d6ac622a531e0c,嘉陵风情步行街,北碚区,精确匹配
155486,1793564108438548481,旺德旺城,北碚区,e27956ffc8386a66d21eecb03006fc99,旺德旺城,北碚区,精确匹配
155489,1793850776823443457,绿地新都会,江北区,2dce90e33760e31f70044700681dea76,绿地新都会,江北区,精确匹配
155493,1793943528651272193,嘉悦山水,两江新区,0c86e4d194d7a30cc4471fc80fd34530,嘉悦山水,两江新区,精确匹配
155498,1795289587705098241,东先·学苑雅府,巫溪县,958ca7d2bbf81af678bef5b3742063d9,东先·学苑雅府,巫溪县,精确匹配
155499,1795297335507333122,巫山龙江新区云水山居项目,巫山县,2b0d67602d121611032b4ee3a7c39b43,巫山龙江新区云水山居项目,巫山县,精确匹配
155500,1795351448819511297,梁平天誉,梁平区,ce797f967790f461997ba6bdf9b23286,梁平天誉,梁平区,精确匹配
155502,1793532675892359169,逸合两江未来城12区,云阳县,77575d08af7b697d65fd0efc1776cb0b,逸合两江未来城12区,云阳县,精确匹配
155504,1793541259581632514,泽恺半岛北岸,南川区,90f151fd32c56cdc6d3d97eec8816cd8,泽恺半岛北岸,南川区,精确匹配
155505,1793542856504160258,境朗园.御江山,云阳县,d7c6ed9d01881ab8e0ae78c5ec27db6c,境朗园.御江山,云阳县,精确匹配
155510,1793217624287391746,满庭芳,南川区,3d55793a90b927e657d4289e00689296,满庭芳,南川区,精确匹配
155512,1793472334227484673,紫荆佳园,云阳县,046d196816305d28ef5941298ca844c8,紫荆佳园,云阳县,精确匹配
155513,1793481426765524993,凤凰郡,永川区,1901748e3d959c91eedbe31961bbf536,凤凰郡,永川区,精确匹配
155514,1793481773684797442,汇悦·悦城,永川区,f7ed562c8cdbe4d7feb1d53525d23496,汇悦·悦城,永川区,精确匹配
155516,1792369018722496513,南商新天地小区,南川区,1ca9e6444fe61e6ed9a84662f3f26110,南商新天地小区,南川区,精确匹配
155517,1793114551888031745,香山翠谷,北碚区,9e19d1a4dff7fe1a083d03106238f5d0,香山翠谷,北碚区,精确匹配
155518,1793121422657105921,学府江山,北碚区,19c13138678e71bddfb269f7e4dc73f2,学府江山,北碚区,精确匹配
155520,1793168535738822657,东润天子湖,巫山县,1d8840dfb87ed9aa2464a29d443eb7e5,东润天子湖,巫山县,精确匹配
155521,1793185028811698177,逸合两江未来城9区,云阳县,a79b1e7d1e89b2fc8d02f17c3d6516e3,逸合两江未来城9区,云阳县,精确匹配
155522,1793186147927502849,中央鑫都,北碚区,f2fbc8e9302043f1561b8eae369144f9,中央鑫都,北碚区,精确匹配
155523,1793190340348260354,碧桂园天麓湾,云阳县,8d60accd76b0298599bf3146afbae985,碧桂园天麓湾,云阳县,精确匹配
155525,1793200136866672641,碧桂园印江府,云阳县,e3b4f21c6bd097972c011bbfc8ff4454,碧桂园印江府,云阳县,精确匹配
155527,1793201210369421314,嘉茵苑,北碚区,86f3b7d17cae39e6a48e7bf0707b8e5f,嘉茵苑,北碚区,精确匹配
155530,1793082713140277249,泽恺半岛,南川区,1a68c8dc562860458011213d2022ad99,泽恺半岛,南川区,精确匹配
155532,1793091081569480705,锦辉雅居,南川区,c96f23755e5d6c80844cc093fa9b8f74,锦辉雅居,南川区,精确匹配
155533,1793091331730354178,泽恺德润,南川区,7fb478a1065863149df9416cdb713728,泽恺德润,南川区,精确匹配
155534,1793100529558007810,克拉大都会,巫山县,9b36438c352f3d58a9ee8242d3c721be,克拉大都会,巫山县,精确匹配
155536,1792456164712034306,上海公馆,荣昌区,b2a23ec2f5d7d937a8bce51636a0b559,上海公馆,荣昌区,精确匹配
155539,1789944442386296834,巴南燃气小区,巴南区,0e2ca5b6098a5f44b61922b59f3a3029,巴南燃气小区,巴南区,精确匹配
155541,1787310137776476161,中央大街,永川区,1444a37f034907b8ec73d3238c307659,中央大街,永川区,精确匹配
155546,1788471371481665538,逸景苑,北碚区,a33bd5597d532b08b5a00158d376471f,逸景苑,北碚区,精确匹配
155549,1788745492635504642,南北雅涵居,北碚区,04142974e5ef7e8ddb0a514fd9e6fd3c,南北雅涵居,北碚区,精确匹配
155550,1787302800269447169,岭秀高地,永川区,68115cd9b6ee66980fca7dc1c304ee48,岭秀高地,永川区,精确匹配
155551,1787302465098420225,康怡棠●渝西国际,永川区,9471329333b3c5031ad74289c6e12abd,康怡棠●渝西国际,永川区,精确匹配
155552,1787305993137229825,永兆.逸家,永川区,e67cc30ee3044afd03cb541e92b14378,永兆.逸家,永川区,精确匹配
155554,1787306495090561025,置铖荣华府,永川区,2d4cca4b64edaa75fc237fc8935287a8,置铖荣华府,永川区,精确匹配
155555,1787306621049704450,置铖御府,永川区,bb5a4d9507331fb4ce0b3f1b58265dc2,置铖御府,永川区,精确匹配
155556,1787304708455469057,天河浩小区,永川区,92710aac93c0857b6a75aba36ff7c5f7,天河浩小区,永川区,精确匹配
155559,1795623910459224065,叠彩城,两江新区,00165ec4f242fff7de7387ff872a65c3,叠彩城,两江新区,精确匹配
155560,1795382259631435778,水韵书香,永川区,1134b468aeb644094fdc5198090dc600,水韵书香,永川区,精确匹配
155561,1795622905311047682,北城中央,两江新区,2ae64c5acfd17c7223caa2d516fe041a,北城中央,两江新区,精确匹配
155562,1795727269694451714,长和星街,南川区,2107c6481d28f22550119815ed4cbb31,长和星街,南川区,精确匹配
155563,1795648042416648194,北城俊秀,南川区,99f35d4bfab5a35be1414a9678e6726d,北城俊秀,南川区,精确匹配
155571,1797504469590519809,甲第府项目,九龙坡区,d4cd22c39922b3311b05d7d653c7bbb3,甲第府项目,九龙坡区,精确匹配
155572,1797526511379460097,上海城,南川区,b84db3bce2f1454297f6935ea5d8bae9,上海城,南川区,精确匹配
155580,1797810651777642497,爱琴庄园,两江新区,4094c7606498f0ba4db853cb7ea68f34,爱琴庄园,两江新区,精确匹配
155586,1797808219358146562,青山溪语·雅苑,两江新区,24e83a36873c11bfc28a54bbc738e18c,青山溪语·雅苑,两江新区,精确匹配
155589,1798913579942862849,中渝爱都会,两江新区,371a74eb15724a3509b75fdf660ab0fe,中渝爱都会,两江新区,精确匹配
155596,1800428842018332674,金佛尚城,南川区,1d62f24855a3c9cc73617abdec8d2f03,金佛尚城,南川区,精确匹配
155597,1800451178884947969,南洋城,南川区,ede53996ea102bdeaac274f778224502,南洋城,南川区,精确匹配
155602,1801139273854803970,珊瑚水岸,南岸区,2b2a8cbca938b700a97e5b18c601fef9,珊瑚水岸,南岸区,精确匹配
155603,1801154506761625602,鑫都雅苑,云阳县,090608811acfe76ae4901f709c9903a7,鑫都雅苑,云阳县,精确匹配
155609,1800463185466023937,鼓楼新天地,南川区,79213c5b82f249310696b942d090ef27,鼓楼新天地,南川区,精确匹配
155612,1802968066982580226,尚都会,南川区,7df7453d5c37dd881d4c2369b5e6aa41,尚都会,南川区,精确匹配
155614,1802985701950525441,居易天城,渝北区,927e9258872631e8cf00be22472e9ec8,居易天城,渝北区,精确匹配
155619,1801473063663865857,万硕.玉龙湾,巫山县,2134719f8d3e3fa129537d97cf26ab99,万硕.玉龙湾,巫山县,精确匹配
155620,1801520590530449409,金科太阳海岸,江北区,428a484dd2a51e069ce29cbc76101a46,金科太阳海岸,江北区,精确匹配
155622,1802537601775603713,西城华府,涪陵区,77197631c9518ef38468ff0ed7bf67c4,西城华府,涪陵区,精确匹配
155623,1802161061841768449,南川金佛美庐,南川区,e2c89aa1dd29dc22d409c6f88c077e16,南川金佛美庐,南川区,精确匹配
155625,1802525705659912194,城市绿洲,万州区,7133bcbdaca230af48368638193de852,城市绿洲,万州区,精确匹配
155626,1802526195302961153,帝景湾,万州区,606e83a45a887e315b877af70cd48888,帝景湾,万州区,精确匹配
155628,1802527200006541314,城市今典,万州区,889a5cae05e99af2d98642a4ff215413,城市今典,万州区,精确匹配
155629,1802527603867684866,北滨华府,万州区,21c0faa48307d866ba9150219fb9f798,北滨华府,万州区,精确匹配
155630,1803997524980056065,和泓阳光,南岸区,0c9549ad92c804c707f63466154d5225,和泓阳光,南岸区,精确匹配
155631,1803997917353000961,君临南山,南岸区,bcab67fc592c438fcdc4606e7e1f2052,君临南山,南岸区,精确匹配
155632,1804038312006959106,亲水台,万州区,344142bf5cc73f6ee9708f5e800df713,亲水台,万州区,精确匹配
155633,1804038748403318786,云熙台,万州区,cf509b00ba30166c749a93034e8e0d87,云熙台,万州区,精确匹配
155634,1804039168106348545,星光上院,万州区,27166da096cb5f506d76b2b5ce2f5ca4,星光上院,万州区,精确匹配
155635,1804039551625117698,南滨上院,万州区,25b23598afec991833d763217497c138,南滨上院,万州区,精确匹配
155637,1804040328896757761,长江之星,万州区,2c901da493dd25520193f2d1d6702157,长江之星,万州区,精确匹配
155638,1804041263958114305,江山龙苑,万州区,fd5d33b9beedd24bf07f43ffbb7ef474,江山龙苑,万州区,精确匹配
155639,1804041616082518018,北滨上院,万州区,76d429d1434b2f7d269fd70a50531b7c,北滨上院,万州区,精确匹配
155640,1804041930235887618,茶庄印象,万州区,f8aa0c5fc4f52b013be9170453480f1e,茶庄印象,万州区,精确匹配
155642,1803597696236163073,坤罡龙都小区,南川区,40fae0ca8b7cddba2bb042d51c667b28,坤罡龙都小区,南川区,精确匹配
155646,1802990774638252033,金易伯爵世家,渝北区,acf5b95cbb4f3034d456f2253e320a76,金易伯爵世家,渝北区,精确匹配
155651,1802993118432104450,七彩空间,渝北区,035030c2291f54d845181f7cd7099d5d,七彩空间,渝北区,精确匹配
155656,1803335796776669186,中央花园,南川区,c7cbbf75fb28fac044f1db8e96fb18b9,中央花园,南川区,精确匹配
155665,1804740350994989057,盛世华都,垫江县,555fd46dfa78c687f9d15d61c2378f41,盛世华都,垫江县,精确匹配
155667,1805062788349870081,文庭雅苑,沙坪坝区,59cee4f639a3c8629fb6e0519e31e71a,文庭雅苑,沙坪坝区,精确匹配
155670,1805122685586292737,奉中花园,奉节县,f495dd7c778f3ca11865cd8fd9664d9e,奉中花园,奉节县,精确匹配
155672,1805153584952557569,华美翡丽山,江北区,9da7c32f57ee450cac08aafe12177cc6,华美翡丽山,江北区,精确匹配
155675,1805764726833987586,昆川馨园,南川区,07c6f382b4c609968d638db0c51078cf,昆川馨园,南川区,精确匹配
155679,1806506161539563521,富州北郡,渝北区,3e7f29a9ac45f384a03c8468517aa608,富州北郡,渝北区,精确匹配
155682,1806209578063282178,滨江国际,奉节县,38eb85c43ff1c403953a368f68033f66,滨江国际,奉节县,精确匹配
155683,1805777840828760065,名润时代广场,南川区,ed8f5d6af9c9d4387a0c66a3e5c6146d,名润时代广场,南川区,精确匹配
155686,1805827215584051201,两江名苑.柏克林,两江新区,f1e59287112f204e199ef387486c1777,两江名苑.柏克林,两江新区,精确匹配
155691,1808406693413830658,棠城美寓,荣昌区,2cbde8e1e1d047312eb8f0f9e3e043c7,棠城美寓,荣昌区,精确匹配
155692,1808407000948588545,九龙金来枫香庭,荣昌区,443a28ab969374166bda7b317169b030,九龙金来枫香庭,荣昌区,精确匹配
155693,1808404160410730498,康宁广场,荣昌区,2d171b830c99a55a0f2fb406d4bcebee,康宁广场,荣昌区,精确匹配
155694,1808405142058221570,拓新红城,荣昌区,c3f30eef65fa70c567c4b37055aedca2,拓新红城,荣昌区,精确匹配
155695,1808324231136460802,黔江恒大名都,黔江区,2c901da39424f83501942a372dd805a1,黔江恒大名都,黔江区,精确匹配
155696,1808409046766501889,和平家园,荣昌区,9237d0b23635919a645224050ae836a4,和平家园,荣昌区,精确匹配
155698,1808426465409024001,东方郦景,南川区,3440cd8b7b1ce3812737ebbecee78234,东方郦景,南川区,精确匹配
155708,1810227143911579649,星光美岸,奉节县,a6aed80de275b75001cc03f6085b07b2,星光美岸,奉节县,精确匹配
155713,1810865823240069122,阳光华庭,南岸区,3f7526e5f3bb8406b80152deb02bc8f0,阳光华庭,南岸区,精确匹配
155716,1811283458746392577,紫金一品,南岸区,2cd4ba87b23bd2cee7d40d908c0f510e,紫金一品,南岸区,精确匹配
155717,1811284425357303809,渝信阳光居住小区（长桥左岸）,南岸区,b483146aa080a29561de8f6377bc07a8,渝信阳光居住小区（长桥左岸）,南岸区,精确匹配
155719,1811300995538272257,泽科·兴城,渝北区,f55b7e2ed6ed31fe7927adb0ebadb2a5,泽科·兴城,渝北区,精确匹配
155721,1810933949365395458,隆化大厦,南川区,d70e80b1b7359085c8205435617b6b7d,隆化大厦,南川区,精确匹配
155723,1810586341572780033,南侨豪荣华都,南川区,712b828659f5bb6f491df99ce3c837b8,南侨豪荣华都,南川区,精确匹配
155728,1811655939235692546,贵博雅园,南川区,fc284b4e49f0b04d80efb8829f1b892e,贵博雅园,南川区,精确匹配
155739,1815222119372341250,梁平集美东方,梁平区,254c50fb2ce6ce41499019d109014513,梁平集美东方,梁平区,精确匹配
155742,1816262865017790465,观溪雅苑,南川区,85134b5d1aeeb0a4174060f312e6bed2,观溪雅苑,南川区,精确匹配
155743,1816315833545023489,凯洋厚德园,江北区,cdaf7647634756db438771d32d362c32,凯洋厚德园,江北区,精确匹配
155748,1815210884346068993,御湖别院,梁平区,d911e97e2cdea1e5e260d41a2632d337,御湖别院,梁平区,精确匹配
155750,1813837510386565122,钟楼家苑,南川区,62ecc0a752646abe0ec247f04c621144,钟楼家苑,南川区,精确匹配
155751,1814949080713838593,半溪福苑,南川区,e67d49ad5778c4f3ceaebff8bad7e950,半溪福苑,南川区,精确匹配
155753,1813772443414609921,南鸥书苑,南川区,72c452f574ef7c1e2440684564ff8a61,南鸥书苑,南川区,精确匹配
155754,1813776480402849794,仙龙塘福苑小区,南川区,6495ffd137ea02bee86e2f834499ee1f,仙龙塘福苑小区,南川区,精确匹配
155756,1813472911992733697,悦湖湾,奉节县,3cf6a805f407960d3b321c3cc47c7885,悦湖湾,奉节县,精确匹配
155757,1813483433643393025,置地银座,垫江县,75c015cadb8304a78952cb5d4e8db15f,置地银座,垫江县,精确匹配
155759,1813136452710481921,君逸国际,南川区,367233a7f31405e597643b2fc281d8ee,君逸国际,南川区,精确匹配
155762,1812737877614706689,水江申易广场,南川区,134b822977c781acc8933013f3149665,水江申易广场,南川区,精确匹配
155763,1812685267549470721,泓海御江,奉节县,88614026ba59761350949ea6eb6f9160,泓海御江,奉节县,精确匹配
155764,1818825616705609729,贵博·东方明珠,涪陵区,2bcd9e619a9b091e4a84fe267348b644,贵博·东方明珠,涪陵区,精确匹配
155765,1818828493905879041,贵博·中央公馆,涪陵区,d69a125ec9dff73042ce9c8ca649c37a,贵博·中央公馆,涪陵区,精确匹配
155766,1818834624053141505,贵博·瀚林学府,涪陵区,781bc6915300bef5867b4aab307e0338,贵博·瀚林学府,涪陵区,精确匹配
155767,1818834806299844609,贵博·江上明珠,涪陵区,b89102aaa817e68460227461f22643b4,贵博·江上明珠,涪陵区,精确匹配
155768,1818834957810688002,贵博·金海湾,涪陵区,9ec71e416a3df9e3a6205041c02d8677,贵博·金海湾,涪陵区,精确匹配
155769,1818850828515958785,中央铭著,两江新区,a0cdd1b5e6394d8b8d78dea857b31c27,中央铭著,两江新区,精确匹配
155774,1819183167393652738,奉节澳海澜庭,奉节县,854b6eb50151fe9e867e61c4d652fb6c,奉节澳海澜庭,奉节县,精确匹配
155778,1824355193267875842,重隆·半山雅筑,涪陵区,e7bc9219796b672ef107f3aafd878525,重隆·半山雅筑,涪陵区,精确匹配
155779,1824357483991199746,中慧·西街,涪陵区,f7b68d74913bcde2f54fc42e824b0eb4,中慧·西街,涪陵区,精确匹配
155780,1824360237073625089,中慧·6米立方,涪陵区,2cdf17b563b9fce30c6971f5b4c508c2,中慧·6米立方,涪陵区,精确匹配
155785,1825823894466916354,象元公馆,涪陵区,e46d093d4fd1c7993a8993cad613bc77,象元公馆,涪陵区,精确匹配
155788,1823621589260759041,滨江荔苑,涪陵区,4c3a6f0eff2019584eeaac239089acf4,滨江荔苑,涪陵区,精确匹配
155794,1822813772526317570,南滨上院D、E、F区,万州区,75e570b2360d475cf12d170e3c5bd6d8,南滨上院D、E、F区,万州区,精确匹配
155803,1816740685212966914,南锦园,南川区,3a013b7e591d4cece0f4b22dd0ecbb9c,南锦园,南川区,精确匹配
155809,1818123142659203074,重庆国奥村三期,江北区,2b18c4d748e4bab18a7c69b54c70b871,重庆国奥村三期,江北区,精确匹配
155813,1894226859980111874,名豪商贸区,江津区,db5c5a0e41830e06a48e8cfaaf0ab8d2,名豪商贸区,江津区,精确匹配
155818,1894211648640401410,梁平渝惠农产品批发市场、住宅,梁平区,167e8118ec925696766b3c116599a90b,梁平渝惠农产品批发市场、住宅,梁平区,精确匹配
155819,1894194159785230338,恒安.金色星城,丰都县,4214562f101f7c7089ce6a2548f026a0,恒安.金色星城,丰都县,精确匹配
155820,1894194525675339778,丰都县东麓国际,丰都县,de6dc2300aec03c2fdd3a1bec148a354,丰都县东麓国际,丰都县,精确匹配
155821,1889957265845141505,天悦溪苑,梁平区,f697d594748cabb498360a99758e37d5,天悦溪苑,梁平区,精确匹配
155824,1894656667289587714,极鼎城市经典,江北区,88db1781b1f65a4a3028bd72663ee2f5,极鼎城市经典,江北区,精确匹配
155825,1894682557365030913,阳明山水,江北区,c2022654ff8c1d1f11187d38e4e06291,阳明山水,江北区,精确匹配
155830,1895006877995917314,巨源·南泊湾,梁平区,d044e5b2f0fd898102ce18362a69d781,巨源·南泊湾,梁平区,精确匹配
155831,1897494449745752066,巍泰世纪城,开州区,3debffd28eca7511daf1953958601752,巍泰世纪城,开州区,精确匹配
155833,1897544963736924162,龙泉香榭,铜梁区,792358ee4c42220a4b35aaa1c1484ea5,龙泉香榭,铜梁区,精确匹配
155834,1897545404281450498,水岸国际北区,铜梁区,00ceea7d931bcccfb09a55d2b5ce486d,水岸国际北区,铜梁区,精确匹配
155837,1897828790296309762,水岸蓝山,涪陵区,7b38220e27956f16e8efe5bd3c7ebce4,水岸蓝山,涪陵区,精确匹配
155838,1897572468766208002,御锦江都,涪陵区,89ea11ed62e15acb81d80c8e9c0c85f4,御锦江都,涪陵区,精确匹配
155839,1897474083937775617,集美锦湾,巴南区,d3c97fa17d43e0274761c66aa3e24b73,集美锦湾,巴南区,精确匹配
155841,1896459211150090241,金科博翠园,南岸区,229afe042dd9d995db4775324f5079a5,金科博翠园,南岸区,精确匹配
155842,1896840191396438018,鑫港湾,璧山区,aa6eac173fe583f365a9a43f2d4d4c38,鑫港湾,璧山区,精确匹配
155844,1896450538780647425,泊云府,巴南区,636435af2ea26342eb6438c2052118c2,泊云府,巴南区,精确匹配
155845,1895377178374070273,港城印象,江北区,ee46ec9b8a5d580d5beadec6ed1f1790,港城印象,江北区,精确匹配
155846,1895377962117521409,观音桥COSMO,江北区,e30d5a6d22b27fa2953f4f3a9ac3e686,观音桥COSMO,江北区,精确匹配
155852,1897933077483548674,畔山悦府,巫溪县,9804b79a648fc500a6e49e9598cd04b6,畔山悦府,巫溪县,精确匹配
155853,1897934348668039169,澜溪别院,巫溪县,e67dcd5f3e96939ba7abab78e50b8764,澜溪别院,巫溪县,精确匹配
155854,1897893425049432065,远通西城人家,涪陵区,7bd8dcce3b8a039c8b6f83032564206c,远通西城人家,涪陵区,精确匹配
155856,1897935644758306818,云溪别院,巫溪县,464077dc8d8bf2bf8ef256055797a743,云溪别院,巫溪县,精确匹配
155858,1898271431089647618,华地领域,合川区,f8d542043d18f249d9c60818eaa87d85,华地领域,合川区,精确匹配
155859,1898904597408182273,南城金街,合川区,337aa53efa2bf2daf67a847487987f26,南城金街,合川区,精确匹配
155860,1898904711832989698,裕城理想,铜梁区,a5dc572d210ca84f0c12b5dc6f19e250,裕城理想,铜梁区,精确匹配
155861,1898920199476670466,盛世年华,垫江县,044a0279f9d4ac75503122ef01ea8563,盛世年华,垫江县,精确匹配
155862,1898920526502359041,科友星城,万州区,20ede9df3a315f2056419061db274597,科友星城,万州区,精确匹配
155863,1898908178706264065,兴盈国际城,合川区,498022f2bffddf06d9f8de2ff8f05f97,兴盈国际城,合川区,精确匹配
155868,1898932372064104449,复地君屿墅,渝北区,178dfaef0900cd5c1b14a69e5ddae5a1,复地君屿墅,渝北区,精确匹配
155869,1898932490544803841,紫云府,铜梁区,80aaf0d5dfa0c665d12c203ec5670a0b,紫云府,铜梁区,精确匹配
155870,1898923322198913026,国坤.宝利国际,江津区,8d5b2a6f98efeca5fe7f118d3a0e6af0,国坤.宝利国际,江津区,精确匹配
155871,1898923457180004353,富力江城,奉节县,0a5cdc3411787cc85473ded9208bc14d,富力江城,奉节县,精确匹配
155877,1898939109638860802,复地花屿城,渝北区,ad03910b6a024d171b68c4aed03abeb4,复地花屿城,渝北区,精确匹配
155878,1898939832749453313,加州城市花园,渝北区,bf29a49ee1fbf19b5140bd841f274342,加州城市花园,渝北区,精确匹配
155879,1898941573742129154,翰林天下,铜梁区,f143a59cc07ee8b1bacf65dc25666cd9,翰林天下,铜梁区,精确匹配
155881,1898935108050546690,美林小镇,江津区,b41a0a9e0c721ce998ddcd8a5173c76a,美林小镇,江津区,精确匹配
155882,1898932777456168961,博悦悦城,铜梁区,9a5aeeadad053ca11b6d929b04394943,博悦悦城,铜梁区,精确匹配
155887,1844650454636490753,英利大坪商业中心,渝中区,f032d03b7c101fc09112ed56e1eae96c,英利大坪商业中心,渝中区,精确匹配
155889,1840227977013424129,江山花园,长寿区,d04192aea0482ac229cfc9c32c3c898d,江山花园,长寿区,精确匹配
155890,1840244474091859970,盛世桃源,长寿区,64a50e611cb8abb7e75419608b9ddc10,盛世桃源,长寿区,精确匹配
155892,1834059101284265986,宏燕·华福郡,涪陵区,debad3a4c58d3ee584dbecd5a94d3e6c,宏燕·华福郡,涪陵区,精确匹配
155893,1834061724880138242,紫御江山天誉,江北区,a3ee24abec15475b0561ee97f5aa304a,紫御江山天誉,江北区,精确匹配
155897,1830785786276933633,御府华庭,长寿区,893b7a64b2889c13c7a58ee6fd87969e,御府华庭,长寿区,精确匹配
155900,1829087601942786049,春天里二期,南川区,e216d178084707c2685be1f9e34d54f3,春天里二期,南川区,精确匹配
155908,1846749579494510593,阳光绿洲,垫江县,3dd684d46b8fab6a3e68b5983745159e,阳光绿洲,垫江县,精确匹配
155909,1844993162085355522,锦绣家园,梁平区,9577a6275690227bfa6c82054c5eca45,锦绣家园,梁平区,精确匹配
155911,1848654548795609089,北部新城,垫江县,cdc526c66aff9c2609b35e8c0d9d9091,北部新城,垫江县,精确匹配
155913,1847185696601624578,景典云麓（景典·龙都二区）,丰都县,4d104e0435b6b5d8f18abeff787aacce,景典云麓（景典·龙都二区）,丰都县,精确匹配
155915,1848200971224567810,帝豪国际城,梁平区,2c078e9f81a675526a992317ffe70f90,帝豪国际城,梁平区,精确匹配
155919,1851532266906275842,长寿阳光小镇,长寿区,d9b013ba86221c4628a4e49ecf31ba57,长寿阳光小镇,长寿区,精确匹配
155920,1851157637326917633,东方之骄,长寿区,8aeb9b1650c08b533df8d9ef730b21f9,东方之骄,长寿区,精确匹配
155922,1851095382275084289,碧水庄园,垫江县,cb8a545073b4934ef75e177c2104dcda,碧水庄园,垫江县,精确匹配
155923,1889187924790886401,梧桐郡,梁平区,a15107de1889aa2dacd22b7763d45647,梧桐郡,梁平区,精确匹配
155926,1889873071378939905,帝豪时代城二期,梁平区,0addce8611df1d8285494c43e5503cc6,帝豪时代城二期,梁平区,精确匹配
155927,1889156545952759809,梁平戴斯A区/B区,梁平区,410995cd48786d9fa2d9adea4e1c755b,梁平戴斯A区/B区,梁平区,精确匹配
155928,1889184179541655553,竹海公园里,梁平区,e011f7b446a8ea39013d110a150b5388,竹海公园里,梁平区,精确匹配
155930,1889139382420389890,阳光.玫瑰城,梁平区,530a34b8bce5bc5965f1c54464374cc3,阳光.玫瑰城,梁平区,精确匹配
155931,1889142534238519297,明珠上海城,梁平区,216b6ccb6ea1a27cede29b42c931dfef,明珠上海城,梁平区,精确匹配
155932,1889852047757295618,青云.兰桂香都小区,梁平区,3bd4851eca5965fb5062229770dca605,青云.兰桂香都小区,梁平区,精确匹配
155933,1889947480999477250,竹海幸福里,梁平区,fa86feb1b7010970e16cf120eb9f5bf2,竹海幸福里,梁平区,精确匹配
155935,1890247798773661698,梁平时光,梁平区,6e33fc7adb8dcd8a755840d71823e389,梁平时光,梁平区,精确匹配
155938,1893944805321228289,铂坤.一品江山,丰都县,875671e144f272b0e831170e68473e3a,铂坤.一品江山,丰都县,精确匹配
155939,1893995497922641922,帝景江山,丰都县,b8adadbdcbfc29d545beeb22fce6d59e,帝景江山,丰都县,精确匹配
155941,1892128493750075393,兴茂.盛世华都,梁平区,834d337b1361a99d173272a203529575,兴茂.盛世华都,梁平区,精确匹配
155942,1892147022821998594,麓台山舍,江津区,4387dbac0d31c28afb1e3720ee4b52ca,麓台山舍,江津区,精确匹配
155944,1892836322261745666,天邻山水,大渡口区,b4bda111bdbb7265ea2de09f70391b53,天邻山水,大渡口区,精确匹配
155949,1857229554941091842,书香临舍,涪陵区,a13da09a46bcfc81aeb77237104f7956,书香临舍,涪陵区,精确匹配
155955,1859147730213855233,梁平隆鑫花漾城,梁平区,8a5627e09de34bf20e25b4d2ccdf86b2,梁平隆鑫花漾城,梁平区,精确匹配
155959,1864125856031367169,公园里,巫溪县,8332845b77f9b0dd804796c642caaf1b,公园里,巫溪县,精确匹配
155960,1882256119999410177,重庆化工职业学院长寿新校区建设教职工定向商品房（一期）,长寿区,17af9c90c2307bc718d90ef353e4edd8,重庆化工职业学院长寿新校区建设教职工定向商品房（一期）,长寿区,精确匹配
155961,1883727945283842049,玖雅天辰花园,巫山县,d679822a6be19f78c467f6078dbb1ecd,玖雅天辰花园,巫山县,精确匹配
155965,1877567479834628098,渝发.香堤澜湾,长寿区,5ef98dcfaf5faed48643798b33d4adc7,渝发.香堤澜湾,长寿区,精确匹配
155966,1877568135907659778,渝发.香堤雅郡,长寿区,47808e58a696ad584b2cd12e5590f5ac,渝发.香堤雅郡,长寿区,精确匹配
155967,1869202624606064641,朵力迎宾大道,大渡口区,6a64af2fcb50d51427a696c25a91d454,朵力迎宾大道,大渡口区,精确匹配
155969,1864579052931571713,西城俊秀,九龙坡区,c25f9a446d4ec320ee16a3e1b5c48766,西城俊秀,九龙坡区,精确匹配
155972,1868862739743461377,香缇时光B2组团,永川区,edcff29b7b78d1aff4fa21b01026d5fb,香缇时光B2组团,永川区,精确匹配
155975,1898935731676442626,富邦中心,九龙坡区,4a0614a279efde48ac935b34298574cf,富邦中心,九龙坡区,精确匹配
155977,1898946352941821954,尚品居,江津区,be1b5365000f6dd5ffb19a1d3223780a,尚品居,江津区,精确匹配
155979,1898979498752143361,大道壹号,巴南区,a8312d13fccf8cb08e7c140404e8f848,大道壹号,巴南区,精确匹配
155982,1898981493139501057,中渝·香奈公馆,渝北区,9f78eadb3564da96d92003ba0d4fe01e,中渝·香奈公馆,渝北区,精确匹配
155986,1898987973850886146,寰宇时代·璟尚,渝北区,9f1f384cb23842f88ba99b18a7707eb8,寰宇时代·璟尚,渝北区,精确匹配
155987,1898988272917344258,中海·寰宇时代,渝北区,0bef3a071550e4aa663d8fa479136044,中海·寰宇时代,渝北区,精确匹配
155988,1899028162472243202,云鼎创大原著,高新区,34d4fe59bb351af43a16a210a608f261,云鼎创大原著,高新区,精确匹配
155989,1899028292252397569,西城金街,高新区,ff94fef4c2e4661d7b2dad36ebeacdeb,西城金街,高新区,精确匹配
155996,1899021328399134722,华地.御临江山-江山1号,涪陵区,5266050d2cc7cb520d64d980723c44c1,华地.御临江山-江山1号,涪陵区,精确匹配
155998,1899011837666455554,龙迈·时尚鑫街,铜梁区,a50e2b7c590026f4a8ad3adb23195fab,龙迈·时尚鑫街,铜梁区,精确匹配
156001,1899012587847086082,西海岸,九龙坡区,163b02c1c7fa92f3e1f8c6ab9523809c,西海岸,九龙坡区,精确匹配
156009,1899007178717458433,恒大帝景,九龙坡区,f983cbb4b8691083c28bdd931424b0c1,恒大帝景,九龙坡区,精确匹配
156012,1899059794021380098,三江希望城,合川区,99bb7e2a1869f68a85fd0010add47b45,三江希望城,合川区,精确匹配
156013,1899038644000190465,金瓯.滨江国际,江津区,103724fc6b2e8eb2bd2171ab6efc9a81,金瓯.滨江国际,江津区,精确匹配
156064,1899331404330627073,金科美辰,巴南区,6c9846049e57c075a385d4652fdbb827,金科美辰,巴南区,精确匹配
156016,1899055343432822786,合川城北药品配送中心,合川区,2ae78245fffade35faf655b084bfaea0,合川城北药品配送中心,合川区,精确匹配
156017,1899056166875361282,悦府HC13-001-22号地块,合川区,d424bc37836dec85452ecf918b89b7d6,悦府HC13-001-22号地块,合川区,精确匹配
156018,1899056443611344898,沙溪·半岛国际A区 ,合川区,60ecfb95eb1ee0e4b5e21989453d2cfe,沙溪·半岛国际A区,合川区,精确匹配
156019,1899035494283407362,吉旺东福宏洲二期13-18号楼,璧山区,c51add1cbc5be7e2f9097e3f1ab93d81,吉旺东福宏洲二期13-18号楼,璧山区,精确匹配
156022,1899030543662510081,双远凤凰郡,铜梁区,fccf524f5925b2f49b82533e38545add,双远凤凰郡,铜梁区,精确匹配
156024,1899258112085258241,裕城万卷山,江津区,87caaaeb1e9f9a679451bf77f6b402c4,裕城万卷山,江津区,精确匹配
156025,1899060520516775938,北城华府,万州区,2af1f66198de23718691a32292b7fe1d,北城华府,万州区,精确匹配
156026,1899065953562324994,北新·御龙湾二期八街区,合川区,c6b7462fb9516413ea7d776ee1bf5e27,北新·御龙湾二期八街区,合川区,精确匹配
156029,1899067221789831170,银翔城天誉学府一期（A组团）,合川区,4c0d30e9f6a64c98a18a71ebb4f9a557,银翔城天誉学府一期（A组团）,合川区,精确匹配
156030,1899075180028686338,香缇时光C组团,永川区,3973a017fe5aa8182b0ab76eaef288c2,香缇时光C组团,永川区,精确匹配
156032,1899064744013131778,滨江誉府,合川区,3cd71fcb01928dcdaa4b87be4c9f5058,滨江誉府,合川区,精确匹配
156035,1899061871153967105,泰丰花园,合川区,bf426b26ac116ee154ffb5f9938f773f,泰丰花园,合川区,精确匹配
156036,1899063053909946369,北城龙都,合川区,cdef2b9c3204b93843c11f803b950b17,北城龙都,合川区,精确匹配
156037,1899266010530115586,澳海御江苑,涪陵区,039355e87328e090656ecb6f16401fad,澳海御江苑,涪陵区,精确匹配
156038,1899270685098700802,国坤.富城天街,江津区,60c28afa59402500f9312c69b2316a1d,国坤.富城天街,江津区,精确匹配
156039,1899268233251188738,锦绣御府,巫溪县,88e135a1c838ea7b35317c7b20acafa5,锦绣御府,巫溪县,精确匹配
156044,1899273757539627009,阳光东城,涪陵区,3f22ee2dcc73d1e23d59a618cab31118,阳光东城,涪陵区,精确匹配
156046,1899291908855754754,世纪新城,铜梁区,9ef01b9bc39d0a7b8b1877710f08ef90,世纪新城,铜梁区,精确匹配
156047,1899292251714940930,帝逸城,璧山区,0a07b48cbbc4ea40f42385deb47a7c12,帝逸城,璧山区,精确匹配
156048,1899293058246045698,龙城御景二期,铜梁区,83be2ab70f959c2c0974a1405c1fc03b,龙城御景二期,铜梁区,精确匹配
156049,1899294166041423874,恒通津都海岸,江津区,09fe71728bedcc1a315f66f581de5cd8,恒通津都海岸,江津区,精确匹配
156050,1899294573316730881,泽京·龙樾府,铜梁区,bfb7c270549c8deec889a8c0b02b3e22,泽京·龙樾府,铜梁区,精确匹配
156051,1899295264982626306,春风度,江津区,17b8a50d12371b36835a4bb49cb558cd,春风度,江津区,精确匹配
156052,1899295554276356097,贝蒙.涪江郡,潼南区,975335814d76e487d292eab4c46f3ea4,贝蒙.涪江郡,潼南区,精确匹配
156053,1899297101915811841,朵力江畔,长寿区,1820511ba76a33a314ecc6af98940b4a,朵力江畔,长寿区,精确匹配
156054,1899297631505412097,佳兆业广场,巴南区,9f6dffa7d60f9e5f5a7884b9cb436df8,佳兆业广场,巴南区,精确匹配
156055,1899297660722933761,朵力6号原舍,长寿区,a21d5b1b242ce21441c60831b37f9e26,朵力6号原舍,长寿区,精确匹配
156056,1899283558432698369,天福广场,南岸区,84178868de134bfb762d76f747d58e36,天福广场,南岸区,精确匹配
156058,1899283244170276865,保亿御景雅园,南岸区,da240c825825471db2544d2f166a30b7,保亿御景雅园,南岸区,精确匹配
156061,1899305920624521217,江尚怡景,巴南区,986659e223a7abc47f915b0cfba13b41,江尚怡景,巴南区,精确匹配
156062,1899343612640948225,江腾华府,江津区,537c9ee23648e0eb98a0c0a70ed6bb3a,江腾华府,江津区,精确匹配
156066,1899333426584940546,融汇半岛观江16期,巴南区,43fca150c08c93c925e0bd5989833278,融汇半岛观江16期,巴南区,精确匹配
156067,1899324012402503682,南城山水一期,巴南区,3ebdd43b5109bbc2a717c8f2bc856aec,南城山水一期,巴南区,精确匹配
156073,1899302503420194817,香缇时光A组团,永川区,730f0d8742aeaea74580f01b48080361,香缇时光A组团,永川区,精确匹配
156074,1899303169593110530,凯川大江东岸,巴南区,979360de234c6eb085e0950856e75e85,凯川大江东岸,巴南区,精确匹配
156076,1899304596860235777,香缇时光B1组团,永川区,d83df591257bb524f0b5a44690d1cf7f,香缇时光B1组团,永川区,精确匹配
156077,1899305088508162050,凯川紫依云,巴南区,f1daca1a3bee93543556f91c551fe5df,凯川紫依云,巴南区,精确匹配
156078,1899300177947062273,宝瑞时代丽都,潼南区,9cf7c1c50bf29af923cdc7d7c4a930bc,宝瑞时代丽都,潼南区,精确匹配
156080,1899301507910529026,香缇时光D组团,永川区,039dd054641b187455bc34bbc4c3dd77,香缇时光D组团,永川区,精确匹配
156082,1899301843349991426,桥达茂宸广场,巴南区,9e9cf354ed51344768378eab8f54fa1d,桥达茂宸广场,巴南区,精确匹配
156084,1899286913817178113,鼎山丽景,江津区,6534e7971bf022e4531a95d67f626456,鼎山丽景,江津区,精确匹配
156085,1899370488486883330,荣府天一城,荣昌区,ead12eac4bb827dc33fd0ed9203d53ba,荣府天一城,荣昌区,精确匹配
156089,1899373496788512770,澳海江悦府,涪陵区,188530505ba31f70af68c1883164e20b,澳海江悦府,涪陵区,精确匹配
156090,1899369096196059138,北京城建.欧陆经典,铜梁区,1b268f383a4844cafebc81e88102e184,北京城建.欧陆经典,铜梁区,精确匹配
156092,1899369243462266882,邦泰花园,江津区,bc10a68d518224dfb24e65dd6788fa22,邦泰花园,江津区,精确匹配
156096,1899346370748149762,重庆悦麓山,巴南区,5570c2631c54f8a4d928e59221334872,重庆悦麓山,巴南区,精确匹配
156099,1899363642820718593,锦江苑,江津区,9adb14070b7fc9bd918c36f822283b8d,锦江苑,江津区,精确匹配
156101,1899361817962934274,盛世港湾,垫江县,a1f996d38a2f98cf33ee512b20dea1cc,盛世港湾,垫江县,精确匹配
156102,1899351203026759682,盘龙俊成,九龙坡区,f6ac7821f9a363c5a1cbd059254e7512,盘龙俊成,九龙坡区,精确匹配
156104,1899351496258940929,志高花园,九龙坡区,a0f77bb9381f89e6509e726ef6c23f3a,志高花园,九龙坡区,精确匹配
156107,1899350010326085634,华熙LIVE·023,巴南区,c14f1dc8d96828a2903b5349d3f3379d,华熙LIVE·023,巴南区,精确匹配
156119,1899387591088599042,聚丰.江山汇,南岸区,62974b56d4126d6b9dfc2145d8d9c4e6,聚丰.江山汇,南岸区,精确匹配
156122,1899382183338897409,升伟·原香郡,铜梁区,479025e345ae8756b557c6344eed9dec,升伟·原香郡,铜梁区,精确匹配
156123,1899382273206054913,文化长廊,云阳县,4904e5f49b8233a7ea8996929933a2b3,文化长廊,云阳县,精确匹配
156124,1899399153530630145,玉宇盛世江南,巴南区,ab6ac3039ada2b9275313224737bc87a,玉宇盛世江南,巴南区,精确匹配
156125,1899400163544199170,迪鑫阳光天宸,江津区,f4b1c01e43b9f394a0d65a02987b5064,迪鑫阳光天宸,江津区,精确匹配
156126,1899402286218539009,东城国际,巴南区,d674a0716bfc404a699ac4ffe2a33483,东城国际,巴南区,精确匹配
156127,1899397739802718209,融汇半岛四期,巴南区,d4b8ebb8dd10a92876a5e34e91a34ee4,融汇半岛四期,巴南区,精确匹配
156129,1899396448145829890,融创融耀城,江津区,d449a6b5bc29c6674dc35fc53aba09bd,融创融耀城,江津区,精确匹配
156130,1899396704543633410,丹湖苑,垫江县,93103d90efd433b3df2b368ad01856d5,丹湖苑,垫江县,精确匹配
156132,1899638218846826498,南城名居,巴南区,926c9ed334b6ed9930195a05eb485eb9,南城名居,巴南区,精确匹配
156134,1899631871862435841,乾和新天汇,江津区,887f1258d303b43c5e8e2af571ffccef,乾和新天汇,江津区,精确匹配
156140,1899439848035381249,银翔城朗琴湾(CD组团),合川区,d8dee417e9c6ee2ea503b2ef847d79f8,银翔城朗琴湾(CD组团),合川区,精确匹配
156141,1899440684341850113,绿港.财富广场,合川区,e6474cb1193fe28f0ac2b1d6aa9fd9de,绿港.财富广场,合川区,精确匹配
156143,1899437118894043138,中昂合府,合川区,d6ae274f8acf47d31ef8820bb9cd5f04,中昂合府,合川区,精确匹配
156145,1899437710072803330,六角苑,合川区,781ff59d97c31c49954a5a3e52de3453,六角苑,合川区,精确匹配
156147,1899736805157040130,江津鲁能领秀城一街区,江津区,764e2db1ad9bf5b058cbebace6e0f255,江津鲁能领秀城一街区,江津区,精确匹配
156149,1899737240890699778,香山名都,万州区,e02c4721ec82afb85025dc83e4a9add9,香山名都,万州区,精确匹配
156150,1899737424567660546,江津鲁能领秀城二街区,江津区,863b03ccfc3b4fcaf1012af1beeca9b6,江津鲁能领秀城二街区,江津区,精确匹配
156151,1899737567299825666,曦城,江北区,4217d98da7decee2f2ffa758939eb678,曦城,江北区,精确匹配
156152,1899737595951116290,滨圆国际F区,巫溪县,b19de6d770142abbcf81b066e8fdf8e5,滨圆国际F区,巫溪县,精确匹配
156157,1899747332562284546,斌鑫江南御府,巴南区,8f2561a187503926ee3a5732d3ff6dfd,斌鑫江南御府,巴南区,精确匹配
156158,1899747605611474945,滨利·汇金中心,江津区,7a2070bb0911e65f3c4ec155235d4316,滨利·汇金中心,江津区,精确匹配
156159,1899742899711438849,百杏苑,巫溪县,34cfc1dd3ff40fdae8cc201b34652532,百杏苑,巫溪县,精确匹配
156161,1899741880394903554,御景江城,万州区,4145f7ff4ef30bdf79c3fc7d04126b82,御景江城,万州区,精确匹配
156162,1899735549202067458,铜梁恒大城,铜梁区,3ba808846904616ff894cd52b6253284,铜梁恒大城,铜梁区,精确匹配
156165,1899731126866341890,中昂新天地,江津区,09df23a7e9bfb4152cfb1b22e8d9fdc9,中昂新天地,江津区,精确匹配
156167,1899730783336067074,帝景豪庭三期,巫溪县,0a3afaf2e746fa9078c1786d4d701fca,帝景豪庭三期,巫溪县,精确匹配
156168,1899723707830431745,水岸花都·梅芳苑,江津区,02b24f962d183a6b7eec1670a6967d85,水岸花都·梅芳苑,江津区,精确匹配
156170,1899719168322629633,锦玉华庭,武隆区,bd537675b40c474979b1cedeb8526e4b,锦玉华庭,武隆区,精确匹配
156171,1899720300268810242,新鸥鹏·拉菲公馆,江津区,4672a24ac4cfe7b96f5dcd593fdd9db2,新鸥鹏·拉菲公馆,江津区,精确匹配
156172,1899720422205616130,池上春天,长寿区,5daff77b789a6d49bc1ce536bd54fd15,池上春天,长寿区,精确匹配
156173,1899720536978550786,桂香名城,云阳县,628876a27d59e00ab0e580d046db86e9,桂香名城,云阳县,精确匹配
156174,1899720862137774082,半岛香颂,长寿区,d57e2302d3ca4829ba60a8b7d215cd70,半岛香颂,长寿区,精确匹配
156175,1899721154614980610,中昂锦绣,巴南区,bd6eb8e134ff6231acaed32bbcc56386,中昂锦绣,巴南区,精确匹配
156178,1899718659939430401,碧桂园江山赋,武隆区,31dbc515df37295196ccd011403f866c,碧桂园江山赋,武隆区,精确匹配
156180,1899703979099484161,栀子湖畔项目,江津区,daa5eea2c5308fdb7afb2c4ddd0dc292,栀子湖畔项目,江津区,精确匹配
156181,1899704253834784769,宏博楿滨城,铜梁区,c09923a35eaca7144acaba9ee79e4092,宏博楿滨城,铜梁区,精确匹配
156183,1899709213062393858,大通悦府,黔江区,717fd5510a00aecbe490660af907b7fe,大通悦府,黔江区,精确匹配
156184,1899709376736718849,金果大厦,铜梁区,bde856bdbdc10859f32131ba7085ab43,金果大厦,铜梁区,精确匹配
156189,1899711255000576002,长江著,江津区,178779dc16a81b11ba860ea676a2fc3f,长江著,江津区,精确匹配
156190,1899712431699980290,腾龙居公园华府,江津区,5d22c31d10d1797a876782a62ee68c5c,腾龙居公园华府,江津区,精确匹配
156191,1899668018244284418,江山华庭,渝中区,fd58850682bc279db052877ebdf60e0e,江山华庭,渝中区,精确匹配
156193,1899670826645385218,滨江新时代,江津区,5f5e8c214d98efab00d0e912eda256ac,滨江新时代,江津区,精确匹配
156196,1899663214205923330,北京城建·龙樾熙城,铜梁区,8feefdcc57d50c5f85786af50c32ccf1,北京城建·龙樾熙城,铜梁区,精确匹配
156198,1899654553429536769,和润汽摩城,江津区,4021f97cdee8bffd256538217b1473f2,和润汽摩城,江津区,精确匹配
156199,1899661849299709954,玉璟湾,江津区,55bbf06d9671e99ed218f1d587d050e9,玉璟湾,江津区,精确匹配
156200,1899656438517526529,恒大城,巴南区,43031bb797d7441d879e934c5ed90319,恒大城,巴南区,精确匹配
156201,1899658905540030466,逸美兴悦,巫溪县,5f6cf440cb3c24e9a9281fc24c737c4f,逸美兴悦,巫溪县,精确匹配
156204,1899759312798937089,金鹏北城旺角,江北区,c8347904955b27201e9f170844ce7b75,金鹏北城旺角,江北区,精确匹配
156213,1899751566385016834,明月天意,江津区,7555d8b696e8db29d52569f45f0b3c32,明月天意,江津区,精确匹配
156214,1899754977511796738,聚福里,巴南区,178040d5927bc3442d0ad0762f20fd61,聚福里,巴南区,精确匹配
156215,1899750881199321090,典雅大厦,巴南区,08217c387a50bba8953e628721c98a01,典雅大厦,巴南区,精确匹配
156216,1899745140669345793,新科城市广场,巴南区,6d6f849463d394928f83f7ae0be5958b,新科城市广场,巴南区,精确匹配
156220,1899750051645681665,融汇半岛5期DE组团,巴南区,b5dc204cc95685952d7c2b4645022531,融汇半岛5期DE组团,巴南区,精确匹配
156221,1899750064656412674,文峰印象,黔江区,76b5c244a17ea77a2ef6a31200e671e3,文峰印象,黔江区,精确匹配
156222,1900001077174923265,上汇金悦湾,万州区,2324f68442f7ebb23fd4db0f4624b1f4,上汇金悦湾,万州区,精确匹配
156225,1900002593151578113,协信汽车城项目二期（车时光9号楼）,巴南区,0df753472f468f632af42a9d7db03d98,协信汽车城项目二期（车时光9号楼）,巴南区,精确匹配
156227,1900008876491599873,重庆恒大国际城南区P组团,南岸区,2500ab53d369d45fde27847c79121258,重庆恒大国际城南区P组团,南岸区,精确匹配
156228,1900009114811953153,明月香山,江津区,682a96059aee3ce4447c8f64411d12f5,明月香山,江津区,精确匹配
156234,1899994049446604802,幸福佳苑,江津区,064873062546ce6b18267bd1bfed0fc6,幸福佳苑,江津区,精确匹配
156236,1899995120835424258,石竹新花园,江津区,2c901da393d4000c0193d7d3a2750c7d,石竹新花园,江津区,精确匹配
156238,1899763208237805570,典雅天城东区,巴南区,0af774d1c65bdee8e1b4122e33694b8e,典雅天城东区,巴南区,精确匹配
156239,1899990496619458561,荧鸿城小区,江津区,3b94e24a0ef3b7a5ab1a2eae4beacd82,荧鸿城小区,江津区,精确匹配
156248,1900076691240185858,益星.紫金华庭,铜梁区,09ea28a58e288f658a2bfd207892942c,益星.紫金华庭,铜梁区,精确匹配
156250,1900076993485926402,鸿鸥.北城中心广场,万州区,930c7387767908866a7a07726b9fa280,鸿鸥.北城中心广场,万州区,精确匹配
156251,1900080426737659906,鸿鸥.百安花园,万州区,b43e16b2ea67613e10ff0f553f87fce2,鸿鸥.百安花园,万州区,精确匹配
156252,1900080994273128450,江南天地,万州区,1776783656c381cdbfd2df05948b7b18,江南天地,万州区,精确匹配
156254,1900081376558772226,斌鑫·馨福苑,江津区,a43b6d7cbc16cdcf047ae20ccf698523,斌鑫·馨福苑,江津区,精确匹配
156257,1900081551964565505,天生别院,万州区,7f500e0798e830774c9910d6a699dc85,天生别院,万州区,精确匹配
156260,1900111605243244545,典雅温泉城,江津区,338b07f8d61aebad938948a05d3fd57e,典雅温泉城,江津区,精确匹配
156263,1900106926828482562,双福时代广场荣耀,江津区,8ef10054aa463419e1cc3ecf59696bee,双福时代广场荣耀,江津区,精确匹配
156264,1900107535568793602,玉泉雅苑,铜梁区,735ee0a3c07cb816e606636fbf56270c,玉泉雅苑,铜梁区,精确匹配
156265,1900108923661119490,东和时光,铜梁区,8f89a57ff2529f2dab79cb2bc7569e45,东和时光,铜梁区,精确匹配
156266,1900104474393767937,城投.东城国际,云阳县,2c81451d4aafb480c9d81c16d5eee3a0,城投.东城国际,云阳县,精确匹配
156267,1900104559227760641,宗颐华庭,荣昌区,45829e26e9655da6eac7020a5bc174de,宗颐华庭,荣昌区,精确匹配
156269,1900103467530121218,城投.伴江香榭,云阳县,0f4f1922aa020e952979a4be4ba29abe,城投.伴江香榭,云阳县,精确匹配
156274,1900095151215144961,中建雲山小镇,江津区,1952384c879d017fbfbd59cf17b2c8c1,中建雲山小镇,江津区,精确匹配
156276,1900093480237985794,雅居乐美好时光名著,巴南区,8cb899b69f48fecf9b14bb3d8a78762d,雅居乐美好时光名著,巴南区,精确匹配
156277,1900091297891282946,福城天街,江津区,7f4830ec36d20fb1b749c26f981b5314,福城天街,江津区,精确匹配
156279,1900089116412801026,水岸花都·蘭馨苑,江津区,a51fb160d73572c7263848f39c5d4b96,水岸花都·蘭馨苑,江津区,精确匹配
156284,1900069392383668225,锦绣花园,江津区,80c1055f6086395f3acf3bf881707370,锦绣花园,江津区,精确匹配
156287,1900059349949018114,香居美舍,两江新区,6908cebeb5b8bdbbb7cca74007429eb9,香居美舍,两江新区,精确匹配
156290,1900070896469471234,鸿鸥.城市印象,万州区,e0e8249b9f7b4c4522fb571a1baf47fa,鸿鸥.城市印象,万州区,精确匹配
156292,1900069689738850305,寰泰世纪新城,万州区,d45da817d9f908e82ea6be01fdaa2766,寰泰世纪新城,万州区,精确匹配
156293,1900069782676238337,普罗旺斯公馆,铜梁区,191d088f1db8910f89258f7391577e8f,普罗旺斯公馆,铜梁区,精确匹配
156295,1900072818421198850,滨河欣城,万州区,e179ca980eee8fa02946ceeec29f4505,滨河欣城,万州区,精确匹配
156297,1900076052703539201,凤仪庄苑,万州区,e3cbbab3e62fb3f980fbab752b95de3c,凤仪庄苑,万州区,精确匹配
156300,1900073844880633857,蓝湖彼岸,万州区,2f9a09dfe89a002b3369e73e2b4d16ca,蓝湖彼岸,万州区,精确匹配
156302,1900074176431976450,普罗旺斯东岸,铜梁区,54c553ad72c2048f6c932ffe87340592,普罗旺斯东岸,铜梁区,精确匹配
156303,1900071758663184385,丽都锦上,巴南区,27923543526fd2268c539b05815e3463,丽都锦上,巴南区,精确匹配
156304,1900071773469077506,百安华庭,万州区,9144cf1193901ab60fd4688f425c3987,百安华庭,万州区,精确匹配
156305,1900072058274902017,莱茵半岛,万州区,30f092eda1a9222da9c512d7ec36b4a7,莱茵半岛,万州区,精确匹配
156306,1900072238462201857,畔江天景,万州区,459610d7154eda65491e29b74daf8dfb,畔江天景,万州区,精确匹配
156308,1900033406727548930,融创晓风澜庭,江津区,451aeb33969f4048fdd84c759d24592a,融创晓风澜庭,江津区,精确匹配
156309,1900041261023162369,金科四季阳光,云阳县,1b016439a3f72ae0639bdba6a2f73fee,金科四季阳光,云阳县,精确匹配
156310,1900042669524971522,融汇半岛十五期,巴南区,870115047289f584e8e39329fb3b5626,融汇半岛十五期,巴南区,精确匹配
156311,1900017255410757633,顺合罗曼山,铜梁区,76fc19230ac4a35a9d8cda7b6b4b0f49,顺合罗曼山,铜梁区,精确匹配
156312,1900015984863801345,万州区欣光名车广场,万州区,1a572690440de84eaf67be53506e23aa,万州区欣光名车广场,万州区,精确匹配
156317,1900010745687371778,环球时代广场,巴南区,ce1aac33ddd0683ba30e3e0263947401,环球时代广场,巴南区,精确匹配
156319,1900012642896900098,大通豪庭,黔江区,2c901da193dc9c0d0193ddc45178034e,大通豪庭,黔江区,精确匹配
156322,1900016623362699266,锦绣笙邻,铜梁区,9ae55f196714dc4938d236cfa56b5387,锦绣笙邻,铜梁区,精确匹配
156323,1902918720609468418,金茂书院项目,渝北区,4e5ebfbc7c232dd7d71abb86d80449a7,金茂书院项目,渝北区,精确匹配
156324,1902916687609348097,铭祥港桥中央,永川区,928eb82686ee265de8fedcf07b461564,铭祥港桥中央,永川区,精确匹配
156325,1902916552615673858,海亮锦尚,永川区,999308f62bd6a05eac11e7ed2f07bccf,海亮锦尚,永川区,精确匹配
156331,1902919717020909570,水墨林溪,长寿区,a45d6a04d4e35a7c6fca4cfca37495e5,水墨林溪,长寿区,精确匹配
156340,1902912771270262786,富力现代广场,南岸区,05819f6f872e91bcd9af4ca87ab959a1,富力现代广场,南岸区,精确匹配
156341,1902913011398361089,江来.锦绣城,云阳县,2c901da393dd24cc01940105e44a4268,江来.锦绣城,云阳县,精确匹配
156342,1902905744275947521,东衡槟城,渝北区,404acf9ef46444db60437428b67fb786,东衡槟城,渝北区,精确匹配
156343,1902912122256244737,峰汇国际,綦江区,d9576312c7937d8169a7d11fafbb1e54,峰汇国际,綦江区,精确匹配
156347,1902911259940896769,协信城市广场,南岸区,0663422970dcda6fedf37cd4ddd71a3c,协信城市广场,南岸区,精确匹配
156356,1902905404264693762,永川协信中心,永川区,7518e3e87242d758c99c6d9d0e7ef961,永川协信中心,永川区,精确匹配
156358,1902905386183049217,两江慧谷,渝北区,014d0bff690f440f9eb8bd612c764767,两江慧谷,渝北区,精确匹配
156360,1902904962008891394,嘉和.圣托里尼,永川区,1ddd217f93b54ae16793fea1c82c7b2c,嘉和.圣托里尼,永川区,精确匹配
156362,1902928300844400641,天泰龙山上院,铜梁区,24b43599fb541fa147209d3a039f21c5,天泰龙山上院,铜梁区,精确匹配
156363,1902922746109509633,富力湾三期,渝北区,50de1c8d3a5d53f5aa27065ac8edda87,富力湾三期,渝北区,精确匹配
156369,1902932555412160513,融创溪山春晓一、二期,北碚区,cdf526ac831879cdf47db2a6979d1667,融创溪山春晓一、二期,北碚区,精确匹配
156370,1902930231763550210,阳光雅舍,铜梁区,a00700b740d46d1c045a61bb64c8a4f8,阳光雅舍,铜梁区,精确匹配
156372,1902926655599296513,金钰华府,铜梁区,a015080b721dd9e44ed9c17198651b26,金钰华府,铜梁区,精确匹配
156373,1902926755847356417,香榭郦晶,万州区,fb389ed41b317d6bb57c480783a9b8a9,香榭郦晶,万州区,精确匹配
156374,1902927014593970177,侨城.紫御江山,开州区,3699c8c31552c814d6381a41e05baacc,侨城.紫御江山,开州区,精确匹配
156376,1902922197217722369,富力湾,渝北区,3ddef6f30ff715117ffa9537ec9de4c1,富力湾,渝北区,精确匹配
156378,1902924479309168642,铜梁集美东方二期,铜梁区,4de70ce443de397acc0faf2f173e3d3a,铜梁集美东方二期,铜梁区,精确匹配
156381,1902925231352070146,青青丽苑,渝北区,d3f7c228d1750e3b56ab4d276c91fe81,青青丽苑,渝北区,精确匹配
156382,1902925485111656449,金融广场,大渡口区,58653f38811a84a62047c57fe5176dd4,金融广场,大渡口区,精确匹配
156383,1902925822136565762,铜梁集美东方一期,铜梁区,44c00e1682525c319307a05bc4475633,铜梁集美东方一期,铜梁区,精确匹配
156388,1902959876911292417,融汇国际温泉城锦绣里G2,沙坪坝区,696b95b27fc969a40b8edc3b8be323b9,融汇国际温泉城锦绣里G2,沙坪坝区,精确匹配
156392,1902955870449197058,望江新村,涪陵区,7263b410e8c05f9f8d6237298fb1860b,望江新村,涪陵区,精确匹配
156393,1902956373933449217,城东公寓,涪陵区,db6d660bea1b799b1bb3e18f2c9bf4c1,城东公寓,涪陵区,精确匹配
156395,1902945310953324546,西苑6号,九龙坡区,db71df34f4cf7ff24931fc3726a992ab,西苑6号,九龙坡区,精确匹配
156401,1902930509636190210,龙泽苑,铜梁区,aefd1d04e0e64beb6e788995d3f9873c,龙泽苑,铜梁区,精确匹配
156404,1902968876356755457,喜来登国际中心,南岸区,7dc26220a5408713754f53cb3176008c,喜来登国际中心,南岸区,精确匹配
156405,1902969753415081985,蓝湖丽都,大足区,1a5539f0290966c2878dd682610bdade,蓝湖丽都,大足区,精确匹配
156406,1902968242639364097,时代名都,万州区,251b78196d17b9eb414d000633464e2b,时代名都,万州区,精确匹配
156407,1902968586429685762,万郡大厦,万州区,6e845406edf934d5054984fe563a5513,万郡大厦,万州区,精确匹配
156409,1902967695374966786,中博香山公馆,忠县,f5735812280118a74220c4bef0a6f948,中博香山公馆,忠县,精确匹配
156410,1902973150063124482,金科.集美江山,忠县,21981674805683a72d8ac5eb14be9add,金科.集美江山,忠县,精确匹配
156411,1902970953703251969,澜凯星都,忠县,5e60e4029ab66a91b308a0dbbf50d1c3,澜凯星都,忠县,精确匹配
156415,1902978407086317570,宫和西香郡,九龙坡区,2f2638b206cce5ea74e831c276332554,宫和西香郡,九龙坡区,精确匹配
156419,1902976991865233409,大鼎城市广场A区,九龙坡区,740626376c5b393bd85dac312e2090e2,大鼎城市广场A区,九龙坡区,精确匹配
156426,1902974309461024770,美华星都,九龙坡区,3a1b7196d66aa31574c34cf50e5d4cd9,美华星都,九龙坡区,精确匹配
156429,1902992711009329153,奥园国际城二期,九龙坡区,0de52d77400581e76d87a785ad69d585,奥园国际城二期,九龙坡区,精确匹配
156433,1902990015267233794,金域蓝湾,綦江区,e6bcf6b694d47a5c1eaab3f7bcdaaf64,金域蓝湾,綦江区,精确匹配
156435,1902985904291471362,首创立方,九龙坡区,b17f0ec411c0ba23a569e07e4fcb81b5,首创立方,九龙坡区,精确匹配
156436,1902984826074324993,水云间,长寿区,a4a9d24338f4913e15de655fdeea7cf6,水云间,长寿区,精确匹配
156440,1902988846826414081,重庆二十四城一期,九龙坡区,9dfd603a07a56da88bf033fba12df9e7,重庆二十四城一期,九龙坡区,精确匹配
156441,1902984125516505089,云飞九龙香山,九龙坡区,6272f39139c7e90c9d355b8688012e3e,云飞九龙香山,九龙坡区,精确匹配
156442,1902982632419778562,蓝光COCO时代A区,南岸区,4be969f11cf670db9f86a949b1bf4bf3,蓝光COCO时代A区,南岸区,精确匹配
156443,1902980093410435073,天域兰湾,两江新区,4f2ce6c3826045442b8eb3ee21b42521,天域兰湾,两江新区,精确匹配
156444,1902979978562002945,中央公园,长寿区,42d4bada8efeafc8cfc638529293de79,中央公园,长寿区,精确匹配
156451,1903007666165145602,江豪广场,万州区,af8eec105f787c1f7577be8e895a2e0f,江豪广场,万州区,精确匹配
156452,1903006160359677953,万山国际,万州区,23c0b5951217a82d13a09b25613eef72,万山国际,万州区,精确匹配
156454,1903005798189916161,银海新城,綦江区,aac9bca16aebec5711eb3e533fab4bf4,银海新城,綦江区,精确匹配
156455,1903005504781574145,溪上风华,垫江县,fcacdb57a7eef7e51146ac3bc3dac9de,溪上风华,垫江县,精确匹配
156456,1903004985786785793,睿智文苑,巴南区,2c068f4a61da57ed209978a428fcdff1,睿智文苑,巴南区,精确匹配
156457,1903004223602057217,新城金樾府,巴南区,65202db28812d8bc374921b9e205d9b1,新城金樾府,巴南区,精确匹配
156459,1903003654200123394,大鼎城市广场B区,九龙坡区,c964fda60ffcd15be48bec7136557477,大鼎城市广场B区,九龙坡区,精确匹配
156461,1903002440217550850,渝南小区,綦江区,5f950cc219369687a4c37c8c4b207ab3,渝南小区,綦江区,精确匹配
156464,1902995233547640833,山予城,綦江区,4b18d8975b6049f5eb7ded57875ba982,山予城,綦江区,精确匹配
156465,1902996994404540417,尚熙台,巫山县,ff4feae88d7fe1447b5c417ce2a83eee,尚熙台,巫山县,精确匹配
156468,1903273745856749570,回兴欢乐颂,渝北区,36c6b72b9aeb73812a3569171e125d6c,回兴欢乐颂,渝北区,精确匹配
156471,1903270238630076417,美园丽景,渝北区,5bd3e1eb905dffd4395d309253cb16b7,美园丽景,渝北区,精确匹配
156473,1903040640273244161,江城印象,合川区,07cf7fc4fba2ba7defb504e4a6b401f2,江城印象,合川区,精确匹配
156474,1903040844812673026,大众花园,合川区,5ca7c1d9de5140df19342abc6a4dcf83,大众花园,合川区,精确匹配
156475,1903042035860791297,中悦城尚城,合川区,cd1019f5dd01e4bcbfac3e2e8d86dff9,中悦城尚城,合川区,精确匹配
156476,1903042948440678401,美的荣安公园天下,巴南区,d24f89964e523fea76142a2df0adad25,美的荣安公园天下,巴南区,精确匹配
156479,1903038190241865729,名门江山,合川区,9f9ba5c33d190ffb8678efd48308309d,名门江山,合川区,精确匹配
156481,1903040005033320450,香榭丽苑,合川区,8f67a9257fd61b70e525d37912622099,香榭丽苑,合川区,精确匹配
156482,1903035841045749761,中科丽园,荣昌区,376f774b837490237c6fb50b326c09aa,中科丽园,荣昌区,精确匹配
156483,1903022253967040513,中建南宸玖樾（二期）,巴南区,4b8cf9dabf49a881ca7ed8186431e462,中建南宸玖樾（二期）,巴南区,精确匹配
156484,1903034171482071042,香水湾,荣昌区,ef050eae3260e4181d6e1ef25af9d831,香水湾,荣昌区,精确匹配
156486,1903028924139331585,碧海湾,巴南区,a9635dda19a9ce83bd814b18028cef7d,碧海湾,巴南区,精确匹配
156488,1903030001945436162,珠江城B区,巴南区,e4f8c86dddf631d9bba42e78c024a63d,珠江城B区,巴南区,精确匹配
156489,1903020849978302465,璟熙,荣昌区,2c901da393dc9c8d019402205ba0499f,璟熙,荣昌区,精确匹配
156491,1903016673214881793,巴南府邸,巴南区,db1bf00a89ecfc4ff3610cd8fb595356,巴南府邸,巴南区,精确匹配
156498,1903443677051510785,南景豪爵,合川区,7bb9a918afac4c3330c8872b6f20910f,南景豪爵,合川区,精确匹配
156499,1903633429398708226,沁园,巫溪县,b434a4f77952cf88651c635ca000eab3,沁园,巫溪县,精确匹配
156500,1903640492908634113,畔溪山语,巫溪县,f5d26b050425e29fe0b43288dd1523d5,畔溪山语,巫溪县,精确匹配
156501,1903647299513245698,颐博园,巫溪县,0b33013ec0ee5440e167f5481e56c89c,颐博园,巫溪县,精确匹配
156504,1903979336556240898,中央公园城,涪陵区,7d70464a8ba680dd23fac9168e0715b6,中央公园城,涪陵区,精确匹配
156506,1903982262762758146,荷塘月色,永川区,5e42d5a62dece728d5c3003a4b0d96bf,荷塘月色,永川区,精确匹配
156512,1903991046293839873,重庆奥园水云间,南岸区,fc3a5130facf7d7dfb0a81d62e47e5e9,重庆奥园水云间,南岸区,精确匹配
156517,1903310165929517058,香漫溪岸,璧山区,97dfd31b7af7eb8259b6ef12a670c17c,香漫溪岸,璧山区,精确匹配
156518,1903321052354600962,升伟云熙台,璧山区,9542451d967f1faab17f873fcb145138,升伟云熙台,璧山区,精确匹配
156519,1903322192509034498,联发黛山璟悦,璧山区,b9405572f8555fe510c842524bde6d8f,联发黛山璟悦,璧山区,精确匹配
156520,1903328630673399810,重庆当代城MOMΛ,璧山区,8f1a90177dda8be5114963734019acd9,重庆当代城MOMΛ,璧山区,精确匹配
156522,1903288381335298049,朗晴广场,江北区,b7d46bcdcd0ec21532cdf01f525e738b,朗晴广场,江北区,精确匹配
156524,1903282666587709442,東林道,璧山区,2e0f76d446d8cd36b5095a6ff9066d2d,東林道,璧山区,精确匹配
156527,1903281095581786113,芳华里,渝北区,4eada2cfef8ec30931c2b8bfa6f6db5a,芳华里,渝北区,精确匹配
156529,1903279508343906306,瑜然星座,江北区,c4bcb4f40365c77f1ba38e882354c571,瑜然星座,江北区,精确匹配
156530,1903275757478502402,紫荆商业广场,渝北区,090906def9db11c05a5126b2ad461058,紫荆商业广场,渝北区,精确匹配
156532,1903996811045920769,恒邦·忠州壹号,忠县,223c7bf19d35d8553cb8e846a196c1d8,恒邦·忠州壹号,忠县,精确匹配
156533,1903998158772264961,忠县香山华都,忠县,e1c0221e934f5fbb1a30506f42770beb,忠县香山华都,忠县,精确匹配
156535,1903999768512585730,北滨熙岸,万州区,26e66a51257ebc6c07296a8e7d626ffe,北滨熙岸,万州区,精确匹配
156536,1904000611613827073,金港明珠,永川区,a59ef7281a601a074d52bff9627ab45c,金港明珠,永川区,精确匹配
156538,1903998899821895681,丰景苑,长寿区,1c2411f567cf7b80ac0adc689209263d,丰景苑,长寿区,精确匹配
156541,1903993506471239681,荣盛华府一期,南岸区,f4a18b880620b2c0bc285561f69ff2de,荣盛华府一期,南岸区,精确匹配
156544,1903992641521868801,石油丽景,永川区,8d1527e4572c52023904ca25ce66f00c,石油丽景,永川区,精确匹配
156546,1903992244795236354,发顺金都,万州区,ec2c6d8a49e411e879f898e88b7eb62f,发顺金都,万州区,精确匹配
156548,1903991395473842177,荣盛华府三期,南岸区,eb1cbc542a14b919338bacfe872c5a04,荣盛华府三期,南岸区,精确匹配
156550,1903991884005400577,荣盛华府二期,南岸区,10f47b30978a66ca8347da52914ec076,荣盛华府二期,南岸区,精确匹配
156553,1904008699079188482,御珑山,永川区,a1ca8be74937ad068797b8e3743fde08,御珑山,永川区,精确匹配
156556,1904015544120401922,吾悦首府,北碚区,0487049f8c0b3b94dff7a7a9d1fe8d8a,吾悦首府,北碚区,精确匹配
156558,1904004792919678977,荣盛城·观麟郡I11-2、I21-1、I11-4、I15-1地块,大渡口区,de71ebd3de700036f39855d97f200371,荣盛城·观麟郡I11-2、I21-1、I11-4、I15-1地块,大渡口区,精确匹配
156564,1904002551932411906,忠商国际,忠县,4cf58b74c77f6fe8508549103a182eef,忠商国际,忠县,精确匹配
156568,1904037098048872449,重庆瑞丰鹅岭山,渝中区,d2dc0d6452870a7cede774c5fc1e4c24,重庆瑞丰鹅岭山,渝中区,精确匹配
156569,1904052210713387009,聚龙城,沙坪坝区,20fb84560df5c2685da2cac0f17837d2,聚龙城,沙坪坝区,精确匹配
156578,1904056784450904065,智汇江南,南岸区,ca8d3229c875dea42e273e9163a39d17,智汇江南,南岸区,精确匹配
156584,1904073699726614530,重庆澜山望三期,巴南区,6739cd4bcfbc19a35c71ead409473dbc,重庆澜山望三期,巴南区,精确匹配
156587,1904069307644403713,富盈长寿湖商业广场,长寿区,95908571f87aa33b2d69520f3fd0219f,富盈长寿湖商业广场,长寿区,精确匹配
156590,1904063414693421057,悦湾,江北区,df7a995a9accd4663fe67df3f13af4c0,悦湾,江北区,精确匹配
156591,1904063424457760770,尚品国际,铜梁区,950fa61b51f80e29c8613d96410621b1,尚品国际,铜梁区,精确匹配
156592,1904060058960814082,重庆美的万麓府,璧山区,490e75fdcc723e5284a892e87fe36d1c,重庆美的万麓府,璧山区,精确匹配
156593,1904058442740293634,尚品世家,铜梁区,b540fad4fa0ce348a86d8de2a698baf8,尚品世家,铜梁区,精确匹配
156595,1904341259927863297,巴塞罗那,永川区,79e6b34d425d0f782b8b706b5e28646b,巴塞罗那,永川区,精确匹配
156596,1904343157246443522,观音岩农贸市场综合楼,万州区,82e34e23210cb89c26f658ba23f9edc2,观音岩农贸市场综合楼,万州区,精确匹配
156597,1904351293835493377,至尚泓景,九龙坡区,decdbe1e3e4ee65ba537c0d954c34f07,至尚泓景,九龙坡区,精确匹配
156601,1904347750344867842,元方御景江湾,綦江区,f0a65162d731ec884ad374aa7547a114,元方御景江湾,綦江区,精确匹配
156602,1904348170693820417,凯旋名城,綦江区,2872dfb4838fcbd8df240fb576b70975,凯旋名城,綦江区,精确匹配
156606,1904362021954961410,学府雅苑,铜梁区,1e82b98a60b392e804a104750e0a7d87,学府雅苑,铜梁区,精确匹配
156608,1904361788269314050,城市星都,铜梁区,551c95b5f8eab0e9a672a4a150315fe8,城市星都,铜梁区,精确匹配
156612,1904361272927764482,龙城壹号,铜梁区,ff4b07d5eb867daf286dd555276f2280,龙城壹号,铜梁区,精确匹配
156613,1904352931308552194,兴茂盛世国际,九龙坡区,c80610925d3c10cd53fcac2ff0e6cf0d,兴茂盛世国际,九龙坡区,精确匹配
156616,1904357172852998145,维丰涴溪里,长寿区,0998ccde6c6cdfb651d438c6b71e4f30,维丰涴溪里,长寿区,精确匹配
156617,1904357388146622465,重庆永川汽摩机电城,永川区,d5787bc9c2d368faef799a7c151127b6,重庆永川汽摩机电城,永川区,精确匹配
156618,1904358813522116609,福星名居,北碚区,44a7419d78f8ce3972a28aab57ee3864,福星名居,北碚区,精确匹配
156620,1904362938766901249,米兰阳光,永川区,519c3bd786671be7cd90d8339d6f5271,米兰阳光,永川区,精确匹配
156621,1904365597645258754,玉屏锦苑,永川区,407eb861085ba9b15e777b8c7f7d0739,玉屏锦苑,永川区,精确匹配
156631,1904377921223442433,金色家园,南岸区,4d7b7733516671a2b29875537ed7ea45,金色家园,南岸区,精确匹配
156637,1904137800351899650,卓然假日之城,合川区,42097917efd820dd9b457fcbeae87ec8,卓然假日之城,合川区,精确匹配
156638,1904138190946459650,云中馨苑,合川区,5a2f37ae0bc39891d093e21907563cd9,云中馨苑,合川区,精确匹配
156641,1904138733349658625,滨江国际,合川区,0730cd604410985c2421e4c580c7b479,滨江国际,合川区,精确匹配
156642,1904138911154593794,龙湖美岸,合川区,d8035b4d111325b04bcf59d0f13347b2,龙湖美岸,合川区,精确匹配
156643,1904139078637346818,海润国际二期,合川区,e56487d0954da9e24a6e0cecca703fb0,海润国际二期,合川区,精确匹配
156644,1904139249769144322,海润国际一期,合川区,6a18d9acef46767f2554777387a331dd,海润国际一期,合川区,精确匹配
156645,1904139439787892737,紫荆翰林苑,合川区,278c8ae6bce3b807d098b4a7b11737c9,紫荆翰林苑,合川区,精确匹配
156646,1904139949504880642,至上南江印象,合川区,cc45bf7232a9f60dfbd31f0ab0aa2c99,至上南江印象,合川区,精确匹配
156649,1904134449933475841,寰创.时代广场,合川区,fe9438f09e8209df4aaad8f5942f0426,寰创.时代广场,合川区,精确匹配
156650,1904135232334749697,龙庭盛世,合川区,41ea6c913418e1e5f538c9541e391062,龙庭盛世,合川区,精确匹配
156652,1904107973532082178,李子湖畔,江津区,1d49af837ff7d031f9d9bea687fbf415,李子湖畔,江津区,精确匹配
156653,1904105717160108034,新华协信中心,江北区,bbd399a5558ed3bd7e0391130ff1289b,新华协信中心,江北区,精确匹配
156657,1904092029963362306,金龙御府,铜梁区,9479c1a0ba6ca0aed1e31038e451a3e0,金龙御府,铜梁区,精确匹配
156660,1904094071767326721,渝青综合楼,巴南区,de2ce1e7750266785891e38720afab32,渝青综合楼,巴南区,精确匹配
156661,1904089270098747393,重庆富春山居,两江新区,b9c05830174dbcdf68ec973fb2aeb8a0,重庆富春山居,两江新区,精确匹配
156662,1904089569504944129,月源山水,永川区,3701d1ed9c4d36f8fcdf9d8ad6f9588c,月源山水,永川区,精确匹配
156663,1904087066755358722,城市铭人,永川区,9f714c6345cee1e56df6d48c01dcd1b9,城市铭人,永川区,精确匹配
156667,1904086458077962241,西城上元,永川区,0598794e5b9d158e3c73d4b8b9ff6bc8,西城上元,永川区,精确匹配
156668,1904085596840550401,中豪·公园尚城,大渡口区,a6d13de5339dc7fa382c037fcb61de4f,中豪·公园尚城,大渡口区,精确匹配
156669,1904085613122838529,天正豪庭,永川区,3708c1e3a690ea4a2c6f337a6c10e550,天正豪庭,永川区,精确匹配
156673,1904078620442124290,义和故事,涪陵区,0deddd5fafda178fbd09413647a01ebc,义和故事,涪陵区,精确匹配
156677,1904076679670554625,五金丽景,大足区,73c9808f226234b7fe4a5b4752865604,五金丽景,大足区,精确匹配
156679,1904417457294983169,奥源水晶城,綦江区,b7130f3880b183182c910835d2445652,奥源水晶城,綦江区,精确匹配
156682,1904395863839391746,汇丰铭城,巫溪县,93038619c16af1e5bf8bae3d99ca2e2c,汇丰铭城,巫溪县,精确匹配
156686,1904378487043440641,缙云华府,北碚区,fb3f9d43e2aec3ff20bd18af4ee5511a,缙云华府,北碚区,精确匹配
156688,1904421054036492289,第一书香,铜梁区,7ed0d637c61ad0a3a31a8bde8bfa836c,第一书香,铜梁区,精确匹配
156689,1904427784841641986,南湖雅苑,涪陵区,952646a2452e5c4a34ffbef02bce2477,南湖雅苑,涪陵区,精确匹配
156694,1904450986636656641,北岸景苑,垫江县,1de406e5684396c8b668493937001060,北岸景苑,垫江县,精确匹配
156696,1904442942284546049,南苑丽景,大足区,5221b1d5ba0aaec5de659f8a580c022c,南苑丽景,大足区,精确匹配
156698,1904443691999608834,五金市场群二期,大足区,2d1e17a62744fe258ead3a78bb707607,五金市场群二期,大足区,精确匹配
156699,1904443944253440001,中国国际龙水五金商贸城,大足区,0511cd20e063b2f67bfd8cc4bdbdc645,中国国际龙水五金商贸城,大足区,精确匹配
156705,1904457309029842946,天一星城,铜梁区,765de20ef1b38281fea2b072f9210a08,天一星城,铜梁区,精确匹配
156709,1904460883214385153,锦江金都,万州区,554cb177db9dff68cf4b7ea95cc5a827,锦江金都,万州区,精确匹配
156711,1904461517342818305,兴茂·山水国际,万州区,531bb8fdf5c3209e6f76a46d6d5c9cd0,兴茂·山水国际,万州区,精确匹配
156712,1904461982428217345,中南江景,万州区,2f7e0c697e66cf22e53707b53c0d75dc,中南江景,万州区,精确匹配
156716,1904702275865997314,俊和新青年,两江新区,4de6e6ae8a8835235a89cd792960fe96,俊和新青年,两江新区,精确匹配
156717,1904702694398816258,东城7号,涪陵区,20080446bbabc78fb39985798adedba7,东城7号,涪陵区,精确匹配
156726,1904469502064508929,金鼎名城,北碚区,112ad4f645ab7d52998ac34fcb249ad8,金鼎名城,北碚区,精确匹配
156727,1904455794307284994,龙城静园,九龙坡区,568c87eb4f8d5f60a28985f59bbc3d4d,龙城静园,九龙坡区,精确匹配
156730,1904456668312158209,龙城国际,铜梁区,1727e2e7bc0a047cbe9d28d9212943eb,龙城国际,铜梁区,精确匹配
156732,1904711968051097601,天湖美郡,万州区,2d292706201074d68da493ecd07d5e01,天湖美郡,万州区,精确匹配
156740,1904703671671648258,蓝桂雅苑,渝北区,6c3a933e32aa1d3c62d28a42b519a79d,蓝桂雅苑,渝北区,精确匹配
156741,1904703217130729473,渝开发·祈年悦城,渝北区,371551fa6d4fd89d5b3b66f75e98f36c,渝开发·祈年悦城,渝北区,精确匹配
156748,1904717570479419393,沁园坊,长寿区,febd4923361d69bb7c3566f5ee62b6df,沁园坊,长寿区,精确匹配
156752,1904721930181603330,四季花城,黔江区,0fcbaa3869b89a8eef889123246191c8,四季花城,黔江区,精确匹配
156754,1904742255283859458,方瑞.城市广场,万州区,3dcc7b12add613726c6f31365e5be701,方瑞.城市广场,万州区,精确匹配
156758,1904762531723800577,巫溪县元亨国际生活小区,巫溪县,394b128867a2fb9cf1a496c4ea3ce6c8,巫溪县元亨国际生活小区,巫溪县,精确匹配
156759,1904763287755485185,飞洋华府,巫溪县,fe82deb09495c9bb4940dd6895a7633b,飞洋华府,巫溪县,精确匹配
156760,1904777090253647873,澳洲国际商务城,涪陵区,1643578998ba06675d85bf49a8ca4143,澳洲国际商务城,涪陵区,精确匹配
156761,1904737265479774209,兰乔圣菲,永川区,062546acf28c97abc0b0cfcae1d4ca7e,兰乔圣菲,永川区,精确匹配
156763,1904725628332994561,渝水坊二期,高新区,ec3d01b8d84e74fe080e9cb167827b3e,渝水坊二期,高新区,精确匹配
156765,1904726244698550274,南城锦苑,铜梁区,577bcb74f73e64e0f2d73a55227adc5d,南城锦苑,铜梁区,精确匹配
156770,1904741057034121218,重庆万科西城二期,九龙坡区,03d937dc2e48dc8d55610bf4d85f110f,重庆万科西城二期,九龙坡区,精确匹配
156771,1904741428557180929,重庆西九,九龙坡区,07b595f1165a29e146a2afc90dbbc0b3,重庆西九,九龙坡区,精确匹配
156780,1904782072340213761,江畔人家小区,黔江区,35de005da0e6ca6becaf1257ea88406f,江畔人家小区,黔江区,精确匹配
156788,1904787999118258178,皇华三千里,忠县,138c4bb19b3697d5f3729aba6661b864,皇华三千里,忠县,精确匹配
156789,1904788408503300097,渝开发·新干线大厦,渝中区,693a0d390c71a5ca6bd7c7b9e7382825,渝开发·新干线大厦,渝中区,精确匹配
156790,1904788572710301698,水市巷（通和睿庭）,渝中区,582103196ed08cccd40547aaead0aeac,水市巷（通和睿庭）,渝中区,精确匹配
156803,1904800669288558594,天怡苑,涪陵区,633185146aa6ec9f2f9ea0013091a0bf,天怡苑,涪陵区,精确匹配
156808,1904802510143418369,星光森林东苑,永川区,b5c370ba04d6a4cb2cdc19627610b04d,星光森林东苑,永川区,精确匹配
156809,1904801671039348738,财信渝中城,渝中区,d40e98ed00227c66120d996f469858cf,财信渝中城,渝中区,精确匹配
156810,1904801856247230465,远博.江临天下,巫山县,7c32d619a798f62b31d3582f3b154782,远博.江临天下,巫山县,精确匹配
156811,1904801937302155265,海棠新天地,永川区,03caf878de031ef345706c5f4fa97320,海棠新天地,永川区,精确匹配
156820,1904898856779165697,四季花城,合川区,9d63137beb7dbaca31afae15a9a6be02,四季花城,合川区,精确匹配
156821,1904901574054817794,帝景豪庭,合川区,5e72d7446b7eaaa586952df7fef529cd,帝景豪庭,合川区,精确匹配
156822,1904904686991749121,恒旭 佳河上城,合川区,3a08407190d3f92a93cab635cc9172b0,恒旭 佳河上城,合川区,精确匹配
156824,1904905088340504577,名仕景苑,合川区,4bf901fd93df1ee601b52c855091e119,名仕景苑,合川区,精确匹配
156825,1904905279185530882,小桥名都,合川区,2256ce475767ecd425db547dec557835,小桥名都,合川区,精确匹配
156826,1904905664369438722,云中馨苑三期,合川区,14afcb851700b971d1eef83754d494d6,云中馨苑三期,合川区,精确匹配
156827,1904905864248995842,创力国际,合川区,08249818775e4ee1726fb4cd73bf5e15,创力国际,合川区,精确匹配
156828,1904906046164348929,创力世家,合川区,f1746e5f6e06d01ff61f5617c255502e,创力世家,合川区,精确匹配
156829,1904906230701142017,安兴花园（星河龙都）,合川区,23ca55806e64a25174098328f5babd0a,安兴花园（星河龙都）,合川区,精确匹配
156831,1905062969169850369,睿尚城,万州区,4f866c755cc4e31a14090ed2409e592c,睿尚城,万州区,精确匹配
156834,1905070945318383618,时代天街,渝中区,1,时代天街,渝中区,精确匹配
156835,1905071084653162497,尚城华府,渝中区,903c166d2f568f55195eab1167a27f67,尚城华府,渝中区,精确匹配
156841,1905075361379430402,巨龙广场A栋,綦江区,7c337792b98f8d7228e95e6a22218937,巨龙广场A栋,綦江区,精确匹配
156843,1904897203317420033,城南旺族,合川区,66eb4b000236fed3f01dfcd741bf3c8a,城南旺族,合川区,精确匹配
156845,1904897760136441858,凯正四季花都,合川区,e90b46e6b925065db4ef6d61de4140e6,凯正四季花都,合川区,精确匹配
156846,1904898360211320834,龙湖雅苑,合川区,bdd37b98ffe6e9d8b48d5ecd8e6603c8,龙湖雅苑,合川区,精确匹配
156849,1904827312421924866,滨江壹号,渝中区,88f372aa49268caae257292e5be5c310,滨江壹号,渝中区,精确匹配
156852,1904830762740281345,德云华城,九龙坡区,856ea9e9f796bdc2adafeb62aa509d82,德云华城,九龙坡区,精确匹配
156854,1904821726414303233,宏浦大厦,万州区,9ec4912a9ed80f3523b6f56629ae47c1,宏浦大厦,万州区,精确匹配
156857,1904884748881145858,南桥新城,合川区,2ed0962ac9b5170bd25b97261924d719,南桥新城,合川区,精确匹配
156858,1904885046815141889,学府阳光,合川区,c8c8abd8ca6eb317236ff802633e66bb,学府阳光,合川区,精确匹配
156859,1904888867419238402,天逸雅苑,合川区,f96d0de137b806a74cdb1bfd41740d73,天逸雅苑,合川区,精确匹配
156861,1904890751899054082,黄金海岸,合川区,77bf623526587eb442c97568ad806d48,黄金海岸,合川区,精确匹配
156866,1904895532990377986,公交上中心,合川区,3c0134bf95c31629e44c5618cdd6e07d,公交上中心,合川区,精确匹配
156869,1904896662650662913,文昌府,合川区,46a90904c4dec1317718d3bdbc666c4f,文昌府,合川区,精确匹配
156876,1905140348248567809,重庆公馆,渝中区,b0352bfbc47b2da09c735f585f82605b,重庆公馆,渝中区,精确匹配
156878,1905132105946279937,盛兴广场住宅小区,巫溪县,bed2890b5eba50d11a15a46011fc181e,盛兴广场住宅小区,巫溪县,精确匹配
156879,1905133370159837186,巫溪县君瑞滨河广场,巫溪县,172413e644dd74cedbf024e7b57a1d2e,巫溪县君瑞滨河广场,巫溪县,精确匹配
156880,1905134473140154370,南滨佳苑,巫溪县,041586a3923fa50d90f195bab6d5b423,南滨佳苑,巫溪县,精确匹配
156883,1905161385128407042,东溪河畔小苑,綦江区,28ceb06daad9156b48c2df3e7574764b,东溪河畔小苑,綦江区,精确匹配
156884,1905161866147966977,龙汇云峰度假小区,綦江区,6551a0e17241d36fba0cf2470b640874,龙汇云峰度假小区,綦江区,精确匹配
156885,1905162282600411138,龙汇天池度假小区,綦江区,c6ccc349ba7d99df9b2b08b218d1af70,龙汇天池度假小区,綦江区,精确匹配
156886,1905163369260691457,龙凤新区,綦江区,1f3b1f1bf6e102b8c0922b39e29a28ac,龙凤新区,綦江区,精确匹配
156887,1905154307924078593,名扬广场,綦江区,736cca4bfdb6e83520b6876be6e293eb,名扬广场,綦江区,精确匹配
156889,1905148011111952385,新城十二区,大足区,f0f0d227fd12b8342e05a77d9aad6279,新城十二区,大足区,精确匹配
156895,1905147302144552962,梧桐悦府,大足区,73993c08600684daa99affd7ca71adb8,梧桐悦府,大足区,精确匹配
156896,1905143230293258241,山语中,渝北区,51b752d10122a609dd517700832784e8,山语中,渝北区,精确匹配
156897,1905143844536496130,正升时代港湾,江津区,addf0d51a81c81b741b8dbcb0130d9a2,正升时代港湾,江津区,精确匹配
156899,1905143939252269057,晓城春天,双桥经开区,55c25453ee4b76bc708c3a7fa469ab4b,晓城春天,双桥经开区,精确匹配
156901,1902171705957040130,香林豪郡,渝北区,b1209bd01aca2ce61a9fc905b4365375,香林豪郡,渝北区,精确匹配
156903,1902172091157725186,金桂锦绣龙都,大足区,33c6035af7355014412f2f694097ef1d,金桂锦绣龙都,大足区,精确匹配
156904,1902170655439077378,现代城,万州区,8b67b0e0a9bb912cc2e332b9019caa01,现代城,万州区,精确匹配
156905,1902174110123704322,御水江岸,万州区,dc3614a4fddc886c93ad7e4f32cf6341,御水江岸,万州区,精确匹配
156909,1902173245191110657,北城空港天地,渝北区,41ed515aad4cd73bac4deaff0f409d05,北城空港天地,渝北区,精确匹配
156912,1902176954683899906,卢山锦程,大渡口区,5b8435e9ba56adc56ce3ef4824830973,卢山锦程,大渡口区,精确匹配
156914,1902177192584822785,山水名城,黔江区,9d28c03ce1120c5db292620e613e107c,山水名城,黔江区,精确匹配
156915,1902175791305605122,水木香山,渝北区,5cacabc2d12aa425d49f181b9fa56a10,水木香山,渝北区,精确匹配
156916,1902176229656510465,财富广场,万州区,1aa7753d874283641ff8afe7d26414a3,财富广场,万州区,精确匹配
156917,1902176393288892418,北城国际中心,渝北区,db49cd32eefcc3c34a6b73085e0d2d98,北城国际中心,渝北区,精确匹配
156919,1902178037883879426,怡康花苑,铜梁区,1f8229c4503ba88fb1be5aef2f96d396,怡康花苑,铜梁区,精确匹配
156920,1902178139708997634,万州观澜,万州区,ca175388094daffc733564a42ccac744,万州观澜,万州区,精确匹配
156922,1902178330008764418,翔悦时代广场,铜梁区,979c9c0483217cd8bebd70077933b94c,翔悦时代广场,铜梁区,精确匹配
156924,1902179221654880257,宝桐佳苑,渝北区,dbb16e59b33549333de23bf6e158ce90,宝桐佳苑,渝北区,精确匹配
156926,1902179722383474689,恒大御都会,渝北区,7cd925e8bd3b4c3a7a38dc84c21906f0,恒大御都会,渝北区,精确匹配
156927,1902179788674449410,重庆同创鸥翔云湖苑,九龙坡区,e603ffa2ece18cfaa4a7dc38f118ba4d,重庆同创鸥翔云湖苑,九龙坡区,精确匹配
156929,1902180957262069761,南川区硫磺大院二期安居工程项目,南川区,41f520e6a5a1c9efe22afe76b15badc0,南川区硫磺大院二期安居工程项目,南川区,精确匹配
156930,1902186905473007618,众越山水,万州区,10f89bd70ae8d155065873bc87d0b783,众越山水,万州区,精确匹配
156938,1902184361396944897,东衡尚城（爱地社区）,渝北区,18116f5066415e98afbfa40c1922fc13,东衡尚城（爱地社区）,渝北区,精确匹配
156943,1902187771613560833,万硕.江城一品,万州区,2ce7b0f045cf362ccba1f9badc79e2f5,万硕.江城一品,万州区,精确匹配
156944,1902195384535367681,圣湖蓝湾,万州区,cc499443f141d2be256fd7ad2ee46e53,圣湖蓝湾,万州区,精确匹配
156945,1902192771169402882,坡岭顿小镇,南岸区,04e70383602ba62196b590f6314e946b,坡岭顿小镇,南岸区,精确匹配
156948,1902190127898050561,龙山观邸,万州区,1e9537cc606b50c9b547d18abc1d3460,龙山观邸,万州区,精确匹配
156951,1902199939918610434,涪陵恒大山水城,涪陵区,949d66f99f20de3d627a0132ddf111a9,涪陵恒大山水城,涪陵区,精确匹配
156956,1902198966080913410,联发欣悦,九龙坡区,56b16317eab568e07d3394778df14ed6,联发欣悦,九龙坡区,精确匹配
156957,1902197276925640705,棠香水岸,大足区,07d680e055eda925d47dfea6ad95f6bd,棠香水岸,大足区,精确匹配
156959,1902220558085275650,阳光心悦,九龙坡区,591ae08df7b80e9e2c058b74b8b1fc3d,阳光心悦,九龙坡区,精确匹配
156960,1902218940262531074,阳光兴城,九龙坡区,826e05c500bbf48840b2c329bf47432a,阳光兴城,九龙坡区,精确匹配
156962,1902214536478212098,金鹏西城华府,九龙坡区,f25a02c178ced4215f13534fbcfada1f,金鹏西城华府,九龙坡区,精确匹配
156963,1902204571533328386,兴盈怡然居,合川区,4463ca613c1fbf1b90119e50b1b4cadc,兴盈怡然居,合川区,精确匹配
156964,1902202961683955713,广电大厦,大足区,e2be770dd5241c6ee6c9fe30c1a44242,广电大厦,大足区,精确匹配
156966,1902268048679518210,竹园小区,大渡口区,84c978b7994a1ddaad313b9416f8ddb5,竹园小区,大渡口区,精确匹配
156970,1902272321576386562,锦馨苑,北碚区,e4aeaaf2accc5bb04bd472b8532589bb,锦馨苑,北碚区,精确匹配
156971,1902272751274442753,璧山俊豪中央大街,璧山区,d170480b14425c283d184775fde82e82,璧山俊豪中央大街,璧山区,精确匹配
156976,1902284752117710849,东方明珠,江北区,923e91e031e69f5087135c88bd651ac7,东方明珠,江北区,精确匹配
156978,1902282509461110785,玖福金座,巴南区,696779e97fa25e577d2253519789eb36,玖福金座,巴南区,精确匹配
156979,1902283086769307649,北城龙郡,铜梁区,b1a460ddb2779d53867c6ec6d7ed3118,北城龙郡,铜梁区,精确匹配
156982,1902280848395091970,金科·中央公园城5期,璧山区,12920789dabb150278d912f3e9d4baf0,金科·中央公园城5期,璧山区,精确匹配
156990,1902259403266867201,斌鑫·西城绿锦二期,九龙坡区,248ab4a38489f3c264de026aee414201,斌鑫·西城绿锦二期,九龙坡区,精确匹配
156996,1902245306353729538,龙都时代广场,铜梁区,74bcf7b3f89ef41e18ef8aa94fdd7676,龙都时代广场,铜梁区,精确匹配
156997,1902242790425640962,志龙新起点,南岸区,71b0cbb9ae06d78da9b182e77fa7b5ce,志龙新起点,南岸区,精确匹配
156998,1902609422658453506,万州恒大御景半岛,万州区,1db6135a1fd4c0846bcb740973e669b4,万州恒大御景半岛,万州区,精确匹配
157000,1902610085509480449,金龙云府,万州区,416f5e54e3378fcae13dbbb3736ccf3a,金龙云府,万州区,精确匹配
157010,1902541390405844994,涪陵滨江国际花园,涪陵区,03c5867fd2a73339cb4a857366e3e471,涪陵滨江国际花园,涪陵区,精确匹配
157019,1902524259941367809,江山印,云阳县,d0fd383e98299c5cbcffbf17cc8da0fa,江山印,云阳县,精确匹配
157020,1902338733946847234,蓝光中央广场,大渡口区,0de463aee0f342691f5506f925c8fbc5,蓝光中央广场,大渡口区,精确匹配
157022,1902285908529266690,香林府邸,巴南区,bf5c28edc728b2898f216705c41cce41,香林府邸,巴南区,精确匹配
157024,1902286107314110466,锦江华府,南岸区,2963035e2783325e0c9d5470cb61e19e,锦江华府,南岸区,精确匹配
157028,1902297227450007554,中建·龙玺台,九龙坡区,95212c5cf1326c45a7a2bc7ca83c6a38,中建·龙玺台,九龙坡区,精确匹配
157032,1902288237613694978,金豪嘉苑,铜梁区,5ee02eae77ecbb010e36d68aa9d23ded,金豪嘉苑,铜梁区,精确匹配
157035,1902290291564363777,昆翔江山礼,涪陵区,c3cb490a19370ddb2dd3f2a529b05323,昆翔江山礼,涪陵区,精确匹配
157036,1902290305904689154,城南未来三期,巴南区,903dde23dca93eb0134cd07048e04f52,城南未来三期,巴南区,精确匹配
157037,1902619006110416898,毅诚鸿顺,万州区,4ab43dd0b3f759638a7216777a337ad8,毅诚鸿顺,万州区,精确匹配
157040,1902616675591536641,启迪协信敬澜山一期,巴南区,98f0d4ff32ec76415aaea9867e057bc9,启迪协信敬澜山一期,巴南区,精确匹配
157041,1902615215692726274,丰都金科黄金海岸,丰都县,ba0babf9aab22c0201fe26a54f78b2eb,丰都金科黄金海岸,丰都县,精确匹配
157042,1902615673886883842,丰都集美东方,丰都县,6f15d3b822481c769df0a181828d99ac,丰都集美东方,丰都县,精确匹配
157043,1902619816831631361,天屿江山,万州区,c528c1f1b4fa2a80e38426608a9dc9fd,天屿江山,万州区,精确匹配
157045,1902620779181129730,宝石蓝郡,万州区,798b755781682ec10ec673190f727d8d,宝石蓝郡,万州区,精确匹配
157046,1902620978913886209,大十字购物广场小区,黔江区,ab5144707e565b9f54095d53ea89c7b5,大十字购物广场小区,黔江区,精确匹配
157049,1902628759859511298,阅江豪庭,万州区,1102fb25460a94917db0e5d750ee709a,阅江豪庭,万州区,精确匹配
157052,1902628945746870274,红星国际广场,涪陵区,84babb744986100712b7b966ef2b826d,红星国际广场,涪陵区,精确匹配
157053,1902630548780498945,珠江城EF区,巴南区,cf098897ac17b2a085521539410f3dd0,珠江城EF区,巴南区,精确匹配
157056,1902625803982487554,琅阅滨江,万州区,dad9c2867e707d7738e693e6761c3760,琅阅滨江,万州区,精确匹配
157067,1902637564911566850,白鹤印象,涪陵区,55df519980f0b88555770853ec7e0185,白鹤印象,涪陵区,精确匹配
157069,1902632791139303425,美景嘉园,涪陵区,8741a9ca5381cc22667ebd34ccb26246,美景嘉园,涪陵区,精确匹配
157071,1902631227225948161,重庆二十四城四期,九龙坡区,7b75c42321676cea133675d451d7aae4,重庆二十四城四期,九龙坡区,精确匹配
157072,1902630894537949185,重庆二十四城五期,九龙坡区,da5e184540f74f94d794ad4468c5d15a,重庆二十四城五期,九龙坡区,精确匹配
157073,1902630979606822914,仙女天街,武隆区,03c556431f02b4b7be672761df6535ae,仙女天街,武隆区,精确匹配
157074,1902633670093455361,大河悦府,梁平区,ed435adb3f5bfbf95a1d9dbf8e6a85fb,大河悦府,梁平区,精确匹配
157076,1902634002743705602,富力海洋广场,江北区,d3ff2b444c9113768b2535ca312417b1,富力海洋广场,江北区,精确匹配
157079,1902638518809542657,绿地海棠湾,大足区,53e2f50e5c7ca98a378824c401ec1d13,绿地海棠湾,大足区,精确匹配
157081,1902638803430817793,凤城学府,长寿区,7730d40305062ef56637c1d420230fc3,凤城学府,长寿区,精确匹配
157085,1902644141257277441,枫丹树语城小区,九龙坡区,a5d6a4e41aa96633f1b1d8410d833c2c,枫丹树语城小区,九龙坡区,精确匹配
157086,1902644361097527298,铺金昊城,大渡口区,628b7adb513eb5c50af7978fcaa743af,铺金昊城,大渡口区,精确匹配
157087,1902644588554633217,京汉凤凰城,巴南区,d6cbb184bf5722ec2355e002139a8831,京汉凤凰城,巴南区,精确匹配
157088,1902644983175725057,旭城公园府邸,九龙坡区,f29ae312c9bcf844c1db214819b4e48c,旭城公园府邸,九龙坡区,精确匹配
157090,1902642272564822018,凤城华府,长寿区,192436989947820b8176e40eef7adcd4,凤城华府,长寿区,精确匹配
157096,1902651694951317506,凯旋天地,南岸区,6cfb4c32f16cc08adc2c8ac7abf9f8cb,凯旋天地,南岸区,精确匹配
157098,1902654914197078017,渝开发·南樾天宸,南岸区,f6cddcfef8cd2aefc1bd556648ba4f79,渝开发·南樾天宸,南岸区,精确匹配
157102,1902655970746449922,和顺园,巴南区,b151bca1ddef283238003af26c9d2b53,和顺园,巴南区,精确匹配
157103,1902655720602353666,川江国际,南岸区,b85b1bc9faf798d1a15f7130c5c859d2,川江国际,南岸区,精确匹配
157104,1902657659293548546,梁平亿联国际商贸城B区,梁平区,6264f9ea1b3fce39e5394655552c5b83,梁平亿联国际商贸城B区,梁平区,精确匹配
157105,1902657259618320386,悦湖荟,长寿区,8664921cf16b1fca590b10440eb10ed5,悦湖荟,长寿区,精确匹配
157111,1902894894924316674,春恒·时间广场,永川区,84944bfb17ad1d108b64340719146dc2,春恒·时间广场,永川区,精确匹配
157112,1902893760193118209,海亮国际广场,永川区,dfc9c0c7afa68765e8683e41af63969d,海亮国际广场,永川区,精确匹配
157128,1902902281752166402,秋实又一城,綦江区,47fad5bd868fdc873a37bf4a6b210f7a,秋实又一城,綦江区,精确匹配
157130,1902901086467801089,嘉和.香水湾,永川区,df88a3b99f190a6dfcd50b1e4e07ab2d,嘉和.香水湾,永川区,精确匹配
157133,1902898781618061313,印象台北,永川区,eecad76890ca98e28db4f5e479fe7715,印象台北,永川区,精确匹配
157136,1902899550463344642,中博香山湖,忠县,85fe7e74305ce48ea8b5486ec090964b,中博香山湖,忠县,精确匹配
157140,1902715898219610113,宝龙城市广场,合川区,99d74baa584270b6012cf8b5c19c026a,宝龙城市广场,合川区,精确匹配
157141,1902716274834554882,东邦花菓山,合川区,420dd7410c37ebcd7de5bc738dbb9248,东邦花菓山,合川区,精确匹配
157143,1902713091617865729,千山米兰郡,合川区,186966bbb4f9b302015a12304f5d7fb9,千山米兰郡,合川区,精确匹配
157145,1902714943512133633,涪江印象·山千院,合川区,a7b178bd4e87b148ecc26474efef39d3,涪江印象·山千院,合川区,精确匹配
157146,1902715174786056194,蓝色天际,合川区,7a40988008c3ff0c806cf5bae5978ef4,蓝色天际,合川区,精确匹配
157159,1902691411608616962,中南玖宸,北碚区,5dba6011cafaf80d2e320d73a4cbaf80,中南玖宸,北碚区,精确匹配
157161,1902689851486912514,北京城建熙城,九龙坡区,65fc0c8d965ac3685b876a395c682551,北京城建熙城,九龙坡区,精确匹配
157163,1902666394808238081,奥园金域,九龙坡区,4dd948590d85482cd0cbd1a255e08e57,奥园金域,九龙坡区,精确匹配
157165,1902662314480254978,玖城贰号,九龙坡区,a24a1715f83dbc3582a84f2f3b291351,玖城贰号,九龙坡区,精确匹配
157166,1902660454226739201,建工悦城,两江新区,3736a6e714fd0ae59f8a4e76989fad98,建工悦城,两江新区,精确匹配
157167,1902660231932821505,农业科技园安置房（三期）驿心驿意安置小区,高新区,da52bf01d99e26844b5a8d89e682689e,农业科技园安置房（三期）驿心驿意安置小区,高新区,精确匹配
157168,1902658575501508609,梁平亿联国际商贸城A区,梁平区,e6c5fe3fe2171c6e9696bedadde68717,梁平亿联国际商贸城A区,梁平区,精确匹配
157169,1902659079912701953,梁平浙江商贸城,梁平区,18fcecabc52cc1850ede46ad36cd6da2,梁平浙江商贸城,梁平区,精确匹配
157172,1902659678788009986,伟岸.福缘尚城,九龙坡区,85049f49a4916b1148ce8d6f44b50278,伟岸.福缘尚城,九龙坡区,精确匹配
157177,1901656602975334401,鑫鑫花园二期,合川区,29c05a2cea895afb9a87943fe5b7d62b,鑫鑫花园二期,合川区,精确匹配
157178,1901657056819998722,南城花园,合川区,76807b2c52def672553765901bf218a3,南城花园,合川区,精确匹配
157180,1901799655832743938,金科开州城四期,开州区,3f5354aedd501b1bb26068621bdc6a86,金科开州城四期,开州区,精确匹配
157181,1901800362430361601,金科开州城三期,开州区,f1e613ed1a4b1085a70e6645c74a3f70,金科开州城三期,开州区,精确匹配
157183,1901801109557538818,金科开州城二期,开州区,95382f2d9fc925b14f55be00ecb9d7d0,金科开州城二期,开州区,精确匹配
157186,1901660590797942785,北新·御龙湾1期,合川区,dd842c2d17ace4f9b14a9b9f728db3da,北新·御龙湾1期,合川区,精确匹配
157187,1901660790060937217,长帆时代公馆,合川区,50d73287cb43f815906b9dec3b1efbb9,长帆时代公馆,合川区,精确匹配
157191,1901815682574512130,劲旅丽景花园,九龙坡区,1c61299ca625a930baf4951427dd9714,劲旅丽景花园,九龙坡区,精确匹配
157192,1901806046072991746,德瑞.金马商都,大足区,3f4ee7abe270334693bd4a9e3a2e87e6,德瑞.金马商都,大足区,精确匹配
157193,1901807448572751873,大足金科中央公园城,大足区,661648bb11e375933bd18a726ef51e5a,大足金科中央公园城,大足区,精确匹配
157194,1901807679657930753,樵坪春晓,巴南区,e1c986c85a0a903ccc8cbaa3eddab731,樵坪春晓,巴南区,精确匹配
157195,1901808641038544897,芸峰西贵堂,大足区,5437bd15b043845beac461853ca40a7c,芸峰西贵堂,大足区,精确匹配
157196,1901809580059324418,柏林广场,大足区,1f8596c879f22dbc09975ed99bc80343,柏林广场,大足区,精确匹配
157201,1901917581323681794,集美嘉悦区划一,北碚区,d007cd4d92f4874a75fe7ee3bececa75,集美嘉悦区划一,北碚区,精确匹配
157205,1901908643672899585,春江天镜江宸,巴南区,6af22ae815795333bc9488129a451c96,春江天镜江宸,巴南区,精确匹配
157206,1901651670910038017,阳光美庐,合川区,0e799fa84d85c35a8c028911af6becd0,阳光美庐,合川区,精确匹配
157208,1901903561724149761,太阳城,铜梁区,81db06035080fe0507fcda7dc11ff943,太阳城,铜梁区,精确匹配
157211,1901904914164891649,双福同福国际,江津区,5393921e1fdca476bb4ca66297bf1d46,双福同福国际,江津区,精确匹配
157214,1901906419718701057,水岸国际南区,铜梁区,e69fc9bce357617ca1889a58051c91da,水岸国际南区,铜梁区,精确匹配
157218,1901899061793800194,龙轩大地南区,铜梁区,2c3ed8ae2af4fd7045ba7adc15f02e91,龙轩大地南区,铜梁区,精确匹配
157219,1902169817429721089,观恒·上域（桐林逸景）,渝北区,b12bf6085bca78125151761804951070,观恒·上域（桐林逸景）,渝北区,精确匹配
157222,1902169309763747842,鹿山名居,渝北区,466b91f7e27657f4bd3307dce7789129,鹿山名居,渝北区,精确匹配
157223,1902169806264483842,龙盛,巫山县,24fd373de06673fc92e85fd86bf5041c,龙盛,巫山县,精确匹配
157224,1902167375526903809,北城阳光尚线,渝北区,2b7f7db807a688d665610ab148840a19,北城阳光尚线,渝北区,精确匹配
157229,1902165495765680130,仁和西里J分区J05-11/05地块,九龙坡区,1cf2d60bbbf72510c3b4c7b1d97ad760,仁和西里J分区J05-11/05地块,九龙坡区,精确匹配
157237,1901926502889308162,棕榈长滩,万州区,72fd04f78370faeea275246138002105,棕榈长滩,万州区,精确匹配
157238,1901926063464660994,易度庭院时光,大渡口区,6326d5e08682f8f68d10116a8461133d,易度庭院时光,大渡口区,精确匹配
157239,1901925224176041986,新宜居,梁平区,46f42a4045baaa7917b4fd9292de6f40,新宜居,梁平区,精确匹配
157240,1901928603094761474,新宜泰和居,梁平区,291078f912e5e02afd7827ce01d00c21,新宜泰和居,梁平区,精确匹配
157244,1901924462607876097,骄杨·理想城,九龙坡区,0e7f704c6d1797310d6cb09e948bb382,骄杨·理想城,九龙坡区,精确匹配
157245,1901923962340655105,金鉴SOHO公寓,南岸区,a24a09f5e994a0260336571394e2ff51,金鉴SOHO公寓,南岸区,精确匹配
157247,1901920586756407298,御澜府,万州区,775934b6a9243af2e72eb4a594d5d749,御澜府,万州区,精确匹配
157251,1901922525141417985,重庆恒大国际文化城,江津区,2978bb5c328090539327d36f1920464e,重庆恒大国际文化城,江津区,精确匹配
157254,1901518596847104001,财茂广场,万州区,ac94cfd3985a61b2cfed530a8a7ec7a3,财茂广场,万州区,精确匹配
157256,1901517140039495682,心水岸,万州区,5f260f54631da081f07bfb2cf3971493,心水岸,万州区,精确匹配
157257,1901517313985671169,赛亚.滨江花园,万州区,b0891b4deea02c89a96c8c7474650cf2,赛亚.滨江花园,万州区,精确匹配
157263,1901515472916901889,华福山水,九龙坡区,341c13f34a7cc523c7f67695dd748452,华福山水,九龙坡区,精确匹配
157266,1901495431823552513,上实海上海.海派印象,北碚区,65c0cab03c763ed99239ea337261fcdb,上实海上海.海派印象,北碚区,精确匹配
157267,1901497795175444481,中铁5号,北碚区,6e45563678f56d7631c079dc05f46085,中铁5号,北碚区,精确匹配
157269,1901465986303717378,翠湖澜郡,万州区,08b73ecc119e32d155ad5810dc85120e,翠湖澜郡,万州区,精确匹配
157273,1901531551521239042,渝开发·格莱美城,高新区,1552b13145a2117491a3d547142b4ede,渝开发·格莱美城,高新区,精确匹配
157274,1901530532728991746,祥和御馨园,大渡口区,3e21df373b4154b6842458c8fdef51da,祥和御馨园,大渡口区,精确匹配
157276,1901530367230144514,中恒第一城CDE区,万州区,94d7905c01ad97e984b858a608cf7a1d,中恒第一城CDE区,万州区,精确匹配
157282,1901527761392955393,恒大御峰台,渝北区,7fa8987ed2f6d8f673a9604e2bac9c08,恒大御峰台,渝北区,精确匹配
157283,1901524704982659074,北城蓝湖,铜梁区,dec9b396aed10934493fb32cc2c081ee,北城蓝湖,铜梁区,精确匹配
157285,1901525430177820673,水木天地,渝北区,35275a050ddfb83bedb494d85690d0b0,水木天地,渝北区,精确匹配
157286,1901523635447721985,中渝·梧桐郡,渝北区,f243998217e3b1f7494b9c85ea348c51,中渝·梧桐郡,渝北区,精确匹配
157289,1901653493783916546,学府中央,合川区,ddb1189f1bc428b30c4b7d446fec00e1,学府中央,合川区,精确匹配
157290,1901653766560477186,铂金环球家居广场,合川区,a3914ee62dfbf1fce41b3027e5f2c3a7,铂金环球家居广场,合川区,精确匹配
157293,1901655225234550785,锦悦城,合川区,39288719d040b50e628ac976af84f923,锦悦城,合川区,精确匹配
157294,1901644028116398082,MINI时代,合川区,4fc83bbb88f27d481934a49d4d9e4671,MINI时代,合川区,精确匹配
157295,1901644248967475201,滨江首座,合川区,c3913c209e7b51a0d3ea5661fdc660a7,滨江首座,合川区,精确匹配
157298,1901627134110003202,南滨花园,合川区,958b1f2476bcbfd42253d7b337fb1942,南滨花园,合川区,精确匹配
157299,1901627339425378305,南屏广场,合川区,f3f6f9cf6eb6cd7c91991bd80fe2c7a9,南屏广场,合川区,精确匹配
157300,1901628350026149889,金九城,合川区,23be9c80a54d4af0ca31883d5fe0d33e,金九城,合川区,精确匹配
157301,1901628564040511490,南国香榭,合川区,1bc37eaad10e25a46d54936b96524c7d,南国香榭,合川区,精确匹配
157302,1901629019424485378,生态城,合川区,705227bb443d9a789b40be7cccfae69f,生态城,合川区,精确匹配
157303,1901629222093254658,德润世家,合川区,f89f5979d54c77c2fcc07f6d7802f9eb,德润世家,合川区,精确匹配
157304,1901630532305743873,鹏润 悦秀御江府,合川区,5d3ad993d5cd288248c014cd84f1729f,鹏润 悦秀御江府,合川区,精确匹配
157306,1901633342044827650,花滩一号,合川区,0256abe6d824ed272c8a94a2353f390e,花滩一号,合川区,精确匹配
157308,1901634355715829762,伴山豪庭,合川区,a171ff4644880595f1c12554f6fdd873,伴山豪庭,合川区,精确匹配
157309,1901634881056600066,鎏金香榭,合川区,de385d810daf44e4ec2fe50c0a091b2b,鎏金香榭,合川区,精确匹配
157311,1901635293889359874,誉峰,合川区,5f95159a71decb21c0fd77c9ce21bed8,誉峰,合川区,精确匹配
157312,1901567836868767745,东邦城市广场,荣昌区,c10b1af8cbd8311d48c4d2a6f49f83fe,东邦城市广场,荣昌区,精确匹配
157313,1901568120458244097,集美嘉悦区划二,北碚区,42f82d5d4e5baa4223f8bd1d588cbcb2,集美嘉悦区划二,北碚区,精确匹配
157314,1901568263542730753,渝东南工程机械交易市场（谊隆时代广场）,黔江区,9b02e20e7fb37b1a7c9f2d799aa8c280,渝东南工程机械交易市场（谊隆时代广场）,黔江区,精确匹配
157315,1901565563388227585,立城.香韵华府,梁平区,e850c2e20dbbc0ee6b63e370e35410bd,立城.香韵华府,梁平区,精确匹配
157319,1901555013019168770,智慧樾府,开州区,a7fb3a4ecc898a6d1100a302eb297628,智慧樾府,开州区,精确匹配
157325,1901542311953625090,商社时代峰汇商住小区,渝中区,7f44525a4c64db876b1b41b04b31b319,商社时代峰汇商住小区,渝中区,精确匹配
157326,1901539935855243265,华瓯理想城,渝北区,1265ea41b0ee478d41d4f29b096b271e,华瓯理想城,渝北区,精确匹配
157328,1901537640761454593,海兰云天畔山林语,九龙坡区,d857d16f1f6d30bd6d563dea49eda052,海兰云天畔山林语,九龙坡区,精确匹配
157329,1901536857911390210,华粹南山绿庭,万州区,80d9af57791f93512db15510bf5d1a26,华粹南山绿庭,万州区,精确匹配
157331,1901534143651442689,锦绣城,渝北区,921d584e14c3643628b2fdf638731282,锦绣城,渝北区,精确匹配
157333,1901534499139678209,展图映月,铜梁区,df69b820e174710f62c46258c9db2e6f,展图映月,铜梁区,精确匹配
157343,1900388244053225473,皓鼎商务大厦,巴南区,88eb7b154fd61eade0b058a92d78afda,皓鼎商务大厦,巴南区,精确匹配
157344,1900388401960382465,北城壹号,丰都县,5b6e0076d95d6dcb3c51fdaa9101aa75,北城壹号,丰都县,精确匹配
157345,1900388513411428353,西辰合光,大渡口区,61e016ee50e93519d6572fe8436c82e2,西辰合光,大渡口区,精确匹配
157349,1900435802402254849,科甲御园府,丰都县,7a082fcc09e3e6e0a6100f4aae85e318,科甲御园府,丰都县,精确匹配
157353,1900393732513918977,正朝公园御府,丰都县,898434083fe3dbde64262003e5264b22,正朝公园御府,丰都县,精确匹配
157357,1900392331826098178,锐升凤凰城,江津区,8af35396c5185836b4c1f2a2385a1605,锐升凤凰城,江津区,精确匹配
157360,1900438240014299137,蔷薇熙岸,江津区,df7a0736c4d0e987cd241272c45454b0,蔷薇熙岸,江津区,精确匹配
157368,1900448229533609986,建宇雍山郡,江津区,93818bf61c64cb0826cfccd48a39bbc3,建宇雍山郡,江津区,精确匹配
157370,1900448885401120770,金江港湾,江津区,ab6abdb10e1efc5ae1100657d75e265b,金江港湾,江津区,精确匹配
157375,1900442540199309313,阳光城·新希望翡丽锦悦,巴南区,9699bccb20126baa6778e1b4f1d18a78,阳光城·新希望翡丽锦悦,巴南区,精确匹配
157376,1900444269741535234,洲际花园,渝中区,60d9ba7b944429ddf806821cda2afce0,洲际花园,渝中区,精确匹配
157377,1900444830519980033,祥和佳苑,江津区,9c6a09904cecc2ba9a35b415b7c90b7f,祥和佳苑,江津区,精确匹配
157379,1900445690033532929,仰天湖,江津区,b6b6eb84af03e5a8323c35cf79e59cce,仰天湖,江津区,精确匹配
157383,1900381386349408257,国际利城,江津区,3bbeda66aeae7a627e98bab60e633c52,国际利城,江津区,精确匹配
157384,1900381813405052929,祥瑞城,江津区,798f5f51253f9b4939fc7785d5c4fd9d,祥瑞城,江津区,精确匹配
157385,1900381903423205377,汇立花溪湾,巴南区,1323cd4f5ccd735488c52a0eec1ae0a3,汇立花溪湾,巴南区,精确匹配
157389,1900380386678992898,钢城印象C区,大渡口区,67348e716e8bf681c63023adb10c4b3f,钢城印象C区,大渡口区,精确匹配
157390,1900380478374866945,宗申金蓝湾,巴南区,d5ba8dd2d4b68a2873194e429a926eed,宗申金蓝湾,巴南区,精确匹配
157392,1900375435395395586,银翔翡翠谷B组团,南岸区,a55eca12df5ec5ce5b38eaf5851fd6a8,银翔翡翠谷B组团,南岸区,精确匹配
157399,1900368062756876290,紫东新苑,渝中区,3c5aee34894e8534ba79d8fbc50a5513,紫东新苑,渝中区,精确匹配
157400,1900368178104430593,世纪华城,江津区,11c69f0ec6e3486cc49d23381ecf834f,世纪华城,江津区,精确匹配
157403,1900364394447958017,西西里,江津区,dc1f445b1621fe511cfc41e0e4515e3c,西西里,江津区,精确匹配
157405,1900118169719074818,竹映三清,永川区,924e05184df537ee6810ad1ac95c93da,竹映三清,永川区,精确匹配
157406,1900355456105115650,云鼎未来城,江津区,7f9482e320a049237689ddb8076d3df4,云鼎未来城,江津区,精确匹配
157409,1900117045561716737,福城中央,江津区,bafba92d559016c13638400fd1fa45ec,福城中央,江津区,精确匹配
157412,1900351619130650625,城投.紫金兰园,云阳县,158836e4b9a7e2639d86988a6fb1f883,城投.紫金兰园,云阳县,精确匹配
157414,1900361343314096130,阳光青城,江津区,5033f70179c971e2de660970aae076b2,阳光青城,江津区,精确匹配
157416,1900362107424010242,城投.北城天骄,云阳县,bbf0e87e117af70dedd1a22255bba2f0,城投.北城天骄,云阳县,精确匹配
157426,1900463895359713281,正源福源,北碚区,73d773824a6812d62f3c79f02d74b975,正源福源,北碚区,精确匹配
157431,1900472813880274946,尚成半山郡,九龙坡区,2910dbb62ee130903bcd493ed4c44be3,尚成半山郡,九龙坡区,精确匹配
157433,1900482932663840770,华融现代城,江北区,ecbeedbc4cea789b65f0b2d64329add1,华融现代城,江北区,精确匹配
157434,1900470277228130306,祥瑞新城,九龙坡区,d05827d6358161c9d5dfb41593cc9215,祥瑞新城,九龙坡区,精确匹配
157435,1900470301936775169,天正璧城中央,璧山区,a354e1cdc660bfd7f4222221a296f1e5,天正璧城中央,璧山区,精确匹配
157437,1900460486023901186,加洲国际,江津区,3b09ff7fb30887a9975220145fa4ca32,加洲国际,江津区,精确匹配
157441,1900458997255696385,丰和园住宅小区,渝北区,ac4700813bd4568ba79cb85b9ae15c41,丰和园住宅小区,渝北区,精确匹配
157443,1900458337407791106,双福公馆,江津区,59d0bcacddb9e3bfbb77894b30ed6b55,双福公馆,江津区,精确匹配
157445,1900454012732239873,碧水龙泉,江津区,7a604af37b44ca99ca051e61d86eac97,碧水龙泉,江津区,精确匹配
157447,1900456567428280322,御景源,江津区,fdafaef377ed29008584b8b1a5d4e988,御景源,江津区,精确匹配
157455,1900451813151141889,重庆三亚湾水产品综合交易市场,渝北区,e60b051c6582fb33af35abb84246906a,重庆三亚湾水产品综合交易市场,渝北区,精确匹配
157456,1900451971637112833,鸿鸥.山屿城,万州区,25abec73c1b8b8e7e2ee9fe076483d5f,鸿鸥.山屿城,万州区,精确匹配
157458,1900451080548839426,幸福园,江津区,9d4947e073c72e0daa8f8ab778df6153,幸福园,江津区,精确匹配
157459,1900450199447203841,奎星广场,江津区,35abfdfdcd34ea52e0ce73ed16af4240,奎星广场,江津区,精确匹配
157462,1901478768537432065,和锦苑,大渡口区,c6699643c5f42759cb17ecc6304347dd,和锦苑,大渡口区,精确匹配
157472,1901463813259980801,巴滨一号.璀璨滨江,巴南区,e8b8dd9ffa4ff13f15c62cb300356959,巴滨一号.璀璨滨江,巴南区,精确匹配
157475,1901457795884969985,恒通大厦,万州区,cb227e93c32d9500f7490f6862a85e18,恒通大厦,万州区,精确匹配
157476,1901456263571501057,中渝滨江一号,万州区,f4a612dc4d36aed63adff6c99e59a46f,中渝滨江一号,万州区,精确匹配
157478,1901459916042727425,南湾江上,南岸区,e2c52dbaa3d8b8ec584f4181bc7746cf,南湾江上,南岸区,精确匹配
157479,1901452179057602562,公园云著,开州区,3bb6c0b3a35885943fde9c060ec3cc4b,公园云著,开州区,精确匹配
157480,1901453160726065154,丰泰云麓,开州区,91750d8cdc2cfbc9ad16291a9bc91014,丰泰云麓,开州区,精确匹配
157481,1901453726432817154,红叶湖畔,巫山县,083d41fddd11522f3029bf243dce6c64,红叶湖畔,巫山县,精确匹配
157483,1901449455100424193,开州四季丰泰,开州区,9d1b690f5a09db91d7c4560b5a00d3a2,开州四季丰泰,开州区,精确匹配
157484,1901449849868316673,开州丰泰里,开州区,565de5bca01b2de734b3a348bee38829,开州丰泰里,开州区,精确匹配
157488,1900464576070086658,丰茂实业白沙标准厂房,江津区,2e162b26fc4d12f6fcf40f5c7e541890,丰茂实业白沙标准厂房,江津区,精确匹配
157497,1903355618314313729,璧山企业天地,璧山区,f70b2144c77035be964341476ff9618f,璧山企业天地,璧山区,精确匹配
157498,1899750901264871425,耐德金工坊,江津区,89ae6d6a56dd8850ecfae8a85cf1ad61,耐德金工坊,江津区,精确匹配
157500,1898903411430977537,中天元（重庆）双福智造园,江津区,971bd8ef20592ded898bb96c58ab06ff,中天元（重庆）双福智造园,江津区,精确匹配
157507,1796457475635851266,重庆银联都市工业园,江北区,1585d7661dd066290bed9c894ebd1031,重庆银联都市工业园,江北区,精确匹配
157559,1904702122312527874,安置房,渝北区,05cbce11576720b9d2de2f2896a46126,安置房,渝北区,精确匹配
157513,1906533808214024194,金乾港标准厂房,江北区,aa872899994f764bea9aca4370d3f828,金乾港标准厂房,江北区,精确匹配
157518,1917462092699361282,东田中小企业科技孵化园,江北区,9b175013e94c4b44f206553507f8d87e,东田中小企业科技孵化园,江北区,精确匹配
157519,1917472511161753601,聚峰国际都市产业园一期,江北区,d84a651a69f4f5bcaae3dea5679c4932,聚峰国际都市产业园一期,江北区,精确匹配
157520,1917473187010928641,聚峰国际都市产业园二期,江北区,a89e0d1652923eca707f23f331733301,聚峰国际都市产业园二期,江北区,精确匹配
157542,1899376943386521601,云篆山水公租房,巴南区,bca9709c8afd132330feadc97eaba037,云篆山水公租房,巴南区,精确匹配
157545,1904007538863398914,缙云新居公租房,北碚区,00c539be4e808018c605587b4ebe39e6,缙云新居公租房,北碚区,精确匹配
157551,1901472336949735426,樵坪人家,巴南区,c5de52be3d127e73de86b53c180c12ae,樵坪人家,巴南区,精确匹配
157556,1902658000282075137,凤阳小镇,大渡口区,c80f8676b382f806cd221ea88029f4cd,凤阳小镇,大渡口区,精确匹配
157560,1904717519900307457,五洲国际工业博览城商业配套仓储（物流地块）,永川区,af0bae0ad2e55b44d6433b76b5c76964,五洲国际工业博览城商业配套仓储（物流地块）,永川区,精确匹配
157566,1905067047224520705,杨树新村,涪陵区,fe20c220ede3bdca5b38eb196bc337c6,杨树新村,涪陵区,精确匹配
157567,1905080712698966018,新华府,长寿区,5d448295c657bc0b2054dfcece202318,新华府,长寿区,精确匹配
157578,1899638611530149890,中国·西部消防水暖城,江津区,b2ffe2a5d60b27839ed2e2ed75814bb1,中国·西部消防水暖城,江津区,精确匹配
157584,1889186987586240514,顺盛依山郡,梁平区,86644dd3bad16d6bb9bc62b408f2e3b5,顺盛依山郡,梁平区,精确匹配
157586,1810510416101416961,夔门印像,奉节县,bf5033262f7020156214ba7e20df1477,夔门印像,奉节县,精确匹配
157592,1787305829060251650,永川金科星宸海,永川区,d35fc854f7baf051cdbc07524635adf2,永川金科星宸海,永川区,精确匹配
157593,1791297468892098561,鸿恩寺,江北区,adfbaea0f5072589223cf72d1f5acb50,鸿恩寺,江北区,精确匹配
157594,1787297612993335297,金科公园王府,永川区,bf40b5efc52961e88648a981933ecba9,金科公园王府,永川区,精确匹配
157596,1801100813064396802,通用时代,江北区,ebfcb389c2d9ece52fd4ecb1b7ab19f8,通用时代,江北区,精确匹配
157606,1906608153309388802,北岸江山西区,江北区,42bffe9a255d38f641a167e7335a813e,北岸江山西区,江北区,精确匹配
157608,1915313764024881153,东城郦湾,云阳县,c546813cef7ff1792a342b06d2b8d534,东城郦湾,云阳县,精确匹配
157621,1922097375461982209,彩时代,两江新区,2aa736180e4ffce6d7cbaccb969cdc8b,彩时代,两江新区,精确匹配
